Price,Close,High,Low,Open,Volume
Ticker,SPY,SPY,SPY,SPY,SPY
datetime,,,,,
2026-05-11 13:30:00+00:00,736.969970703125,736.989990234375,736.4500122070312,736.4500122070312,990928
2026-05-11 13:31:00+00:00,737.4199829101562,737.4400024414062,736.9600219726562,736.97998046875,311998
2026-05-11 13:32:00+00:00,737.7000122070312,737.7100219726562,737.3400268554688,737.4298706054688,345545
2026-05-11 13:33:00+00:00,737.7100219726562,737.7899780273438,737.6400146484375,737.7000122070312,215587
2026-05-11 13:34:00+00:00,737.9400024414062,737.9500122070312,737.6950073242188,737.719970703125,288779
2026-05-11 13:35:00+00:00,737.5399780273438,737.9450073242188,737.530029296875,737.9450073242188,234376
2026-05-11 13:36:00+00:00,737.4600219726562,737.75,737.4199829101562,737.530029296875,154273
2026-05-11 13:37:00+00:00,737.5700073242188,737.6900024414062,737.4199829101562,737.4299926757812,90916
2026-05-11 13:38:00+00:00,737.7100219726562,737.72998046875,737.4400024414062,737.5900268554688,134559
2026-05-11 13:39:00+00:00,737.60498046875,737.719970703125,737.5050048828125,737.6900024414062,65648
2026-05-11 13:40:00+00:00,737.7899780273438,737.7999877929688,737.52001953125,737.6099853515625,135428
2026-05-11 13:41:00+00:00,737.989990234375,738.02001953125,737.719970703125,737.7899780273438,120643
2026-05-11 13:42:00+00:00,737.9000244140625,738.02001953125,737.8499755859375,737.989990234375,137645
2026-05-11 13:43:00+00:00,738.1500244140625,738.1599731445312,737.8800048828125,737.9000244140625,124519
2026-05-11 13:44:00+00:00,738.3900146484375,738.4000244140625,738.1199951171875,738.1599731445312,82886
2026-05-11 13:45:00+00:00,738.719970703125,738.75,738.3499755859375,738.4000244140625,224543
2026-05-11 13:46:00+00:00,738.739990234375,738.8400268554688,738.6400146484375,738.739990234375,128414
2026-05-11 13:47:00+00:00,738.8699951171875,738.9000244140625,738.72998046875,738.739990234375,135385
2026-05-11 13:48:00+00:00,739.0900268554688,739.1400146484375,738.7999877929688,738.8599853515625,106119
2026-05-11 13:49:00+00:00,738.780029296875,739.114990234375,738.77001953125,739.0900268554688,156950
2026-05-11 13:50:00+00:00,738.8900146484375,739.1187133789062,738.760009765625,738.7999877929688,164050
2026-05-11 13:51:00+00:00,738.75,739.02001953125,738.72998046875,738.8800048828125,101578
2026-05-11 13:52:00+00:00,738.9099731445312,738.9500122070312,738.6909790039062,738.72998046875,216042
2026-05-11 13:53:00+00:00,738.739990234375,738.97998046875,738.72998046875,738.9299926757812,114022
2026-05-11 13:54:00+00:00,738.52001953125,738.760009765625,738.4199829101562,738.760009765625,206799
2026-05-11 13:55:00+00:00,738.4099731445312,738.5499877929688,738.3400268554688,738.510009765625,82767
2026-05-11 13:56:00+00:00,738.4349975585938,738.469970703125,738.3200073242188,738.4299926757812,186418
2026-05-11 13:57:00+00:00,738.489990234375,738.510009765625,738.3800048828125,738.4500122070312,100084
2026-05-11 13:58:00+00:00,738.719970703125,738.780029296875,738.4500122070312,738.47998046875,77823
2026-05-11 13:59:00+00:00,738.6701049804688,738.7249755859375,738.4299926757812,738.7213745117188,87953
2026-05-11 14:00:00+00:00,738.530029296875,738.8099975585938,738.510009765625,738.6699829101562,76088
2026-05-11 14:01:00+00:00,738.719970703125,738.760009765625,738.530029296875,738.5399780273438,52295
2026-05-11 14:02:00+00:00,738.5800170898438,738.7899780273438,738.5599975585938,738.72998046875,75538
2026-05-11 14:03:00+00:00,738.5999755859375,738.6699829101562,738.52001953125,738.5800170898438,64954
2026-05-11 14:04:00+00:00,738.5999755859375,738.72998046875,738.5399780273438,738.5800170898438,76122
2026-05-11 14:05:00+00:00,738.6599731445312,738.6599731445312,738.510009765625,738.5700073242188,130519
2026-05-11 14:06:00+00:00,738.5999755859375,738.719970703125,738.594970703125,738.655029296875,89378
2026-05-11 14:07:00+00:00,738.7999877929688,738.8499755859375,738.5800170898438,738.5900268554688,72763
2026-05-11 14:08:00+00:00,738.739990234375,738.8599853515625,738.739990234375,738.7999877929688,38034
2026-05-11 14:09:00+00:00,738.7849731445312,738.7999877929688,738.6900024414062,738.75,51975
2026-05-11 14:10:00+00:00,738.8099975585938,738.8300170898438,738.7000122070312,738.7700805664062,71119
2026-05-11 14:11:00+00:00,738.7050170898438,738.8200073242188,738.5515747070312,738.8200073242188,69535
2026-05-11 14:12:00+00:00,738.739990234375,738.8099975585938,738.6699829101562,738.7100219726562,42548
2026-05-11 14:13:00+00:00,738.9199829101562,738.9691772460938,738.719970703125,738.7999877929688,53063
2026-05-11 14:14:00+00:00,739.0399780273438,739.0599975585938,738.8900146484375,738.9342041015625,148610
2026-05-11 14:15:00+00:00,739.14501953125,739.1599731445312,738.989990234375,739.0399780273438,65575
2026-05-11 14:16:00+00:00,739.3900146484375,739.4000244140625,739.125,739.1500244140625,178807
2026-05-11 14:17:00+00:00,739.3049926757812,739.4199829101562,739.1699829101562,739.3900146484375,168859
2026-05-11 14:18:00+00:00,739.4500122070312,739.47998046875,739.260009765625,739.3099975585938,94120
2026-05-11 14:19:00+00:00,739.47998046875,739.52001953125,739.4199829101562,739.4500122070312,165872
2026-05-11 14:20:00+00:00,739.3900146484375,739.52001953125,739.3699951171875,739.47998046875,136448
2026-05-11 14:21:00+00:00,739.52001953125,739.52001953125,739.4299926757812,739.4299926757812,48893
2026-05-11 14:22:00+00:00,739.5449829101562,739.5499877929688,739.4550170898438,739.510009765625,114119
2026-05-11 14:23:00+00:00,739.4849853515625,739.5800170898438,739.4500122070312,739.5449829101562,72005
2026-05-11 14:24:00+00:00,739.52001953125,739.5698852539062,739.4500122070312,739.4849853515625,55131
2026-05-11 14:25:00+00:00,739.47998046875,739.5900268554688,739.47998046875,739.52001953125,61895
2026-05-11 14:26:00+00:00,739.3099975585938,739.5,739.2899780273438,739.4849853515625,95430
2026-05-11 14:27:00+00:00,738.9149780273438,739.2999877929688,738.9099731445312,739.2999877929688,140523
2026-05-11 14:28:00+00:00,738.719970703125,738.97998046875,738.719970703125,738.9149780273438,118928
2026-05-11 14:29:00+00:00,738.4674072265625,738.77001953125,738.4000244140625,738.7100219726562,159501
2026-05-11 14:30:00+00:00,738.530029296875,738.719970703125,738.340087890625,738.4600219726562,108829
2026-05-11 14:31:00+00:00,737.905029296875,738.5700073242188,737.6900024414062,738.5250244140625,347652
2026-05-11 14:32:00+00:00,738.0900268554688,738.1699829101562,737.5900268554688,737.9000244140625,271855
2026-05-11 14:33:00+00:00,738.1900024414062,738.27001953125,737.9099731445312,738.0999755859375,140349
2026-05-11 14:34:00+00:00,738.4299926757812,738.4398803710938,738.0900268554688,738.1900024414062,147391
2026-05-11 14:35:00+00:00,738.6599731445312,738.6599731445312,738.239990234375,738.4299926757812,74600
2026-05-11 14:36:00+00:00,738.52001953125,738.8099975585938,738.2999877929688,738.6599731445312,144611
2026-05-11 14:37:00+00:00,738.6300048828125,738.6500244140625,738.4500122070312,738.52001953125,34856
2026-05-11 14:38:00+00:00,738.4998168945312,738.7000122070312,738.47998046875,738.6500244140625,40072
2026-05-11 14:39:00+00:00,738.6099853515625,738.64990234375,738.4803466796875,738.4803466796875,31006
2026-05-11 14:40:00+00:00,738.780029296875,738.8099975585938,738.5900268554688,738.6199951171875,57087
2026-05-11 14:41:00+00:00,738.969970703125,738.969970703125,738.75,738.780029296875,106570
2026-05-11 14:42:00+00:00,738.9000244140625,739.0499267578125,738.8900146484375,738.9749755859375,93086
2026-05-11 14:43:00+00:00,738.9099731445312,739.0900268554688,738.8599853515625,738.8900146484375,69785
2026-05-11 14:44:00+00:00,738.9400024414062,739.02001953125,738.8300170898438,738.8900146484375,55212
2026-05-11 14:45:00+00:00,738.97998046875,739.1799926757812,738.9299926757812,738.969970703125,61554
2026-05-11 14:46:00+00:00,738.989990234375,739.030029296875,738.802001953125,738.969970703125,49497
2026-05-11 14:47:00+00:00,738.9500122070312,739.0399780273438,738.760009765625,738.969970703125,52208
2026-05-11 14:48:00+00:00,738.989990234375,739.030029296875,738.9000244140625,738.9400024414062,55743
2026-05-11 14:49:00+00:00,739.0549926757812,739.0800170898438,738.6300048828125,738.989990234375,254097
2026-05-11 14:50:00+00:00,739.1749877929688,739.22998046875,739.030029296875,739.0399780273438,74209
2026-05-11 14:51:00+00:00,739.4149780273438,739.5599975585938,739.1699829101562,739.1701049804688,126920
2026-05-11 14:52:00+00:00,739.4600219726562,739.52001953125,739.4149780273438,739.4199829101562,32783
2026-05-11 14:53:00+00:00,739.780029296875,739.8300170898438,739.469970703125,739.489990234375,148580
2026-05-11 14:54:00+00:00,739.7899780273438,739.8099975585938,739.6400146484375,739.7899780273438,125269
2026-05-11 14:55:00+00:00,739.72998046875,739.9400024414062,739.7100219726562,739.77099609375,185636
2026-05-11 14:56:00+00:00,739.5499877929688,739.7446899414062,739.52001953125,739.719970703125,96220
2026-05-11 14:57:00+00:00,739.6300048828125,739.6300048828125,739.3800048828125,739.5435791015625,135791
2026-05-11 14:58:00+00:00,739.6300048828125,739.7100219726562,739.5999755859375,739.6199951171875,42036
2026-05-11 14:59:00+00:00,739.6500244140625,739.7100219726562,739.5900268554688,739.6199951171875,33747
2026-05-11 15:00:00+00:00,739.528076171875,739.760009765625,739.510009765625,739.6500244140625,62438
2026-05-11 15:01:00+00:00,739.4400024414062,739.530029296875,739.4199829101562,739.52001953125,92615
2026-05-11 15:02:00+00:00,739.469970703125,739.510009765625,739.4299926757812,739.4500122070312,59699
2026-05-11 15:03:00+00:00,739.510009765625,739.5800170898438,739.4600219726562,739.4600219726562,41590
2026-05-11 15:04:00+00:00,739.6099853515625,739.6699829101562,739.47998046875,739.530029296875,39392
2026-05-11 15:05:00+00:00,739.5499877929688,739.6199951171875,739.4099731445312,739.6099853515625,269103
2026-05-11 15:06:00+00:00,739.469970703125,739.5750122070312,739.4299926757812,739.5499877929688,67038
2026-05-11 15:07:00+00:00,739.6500244140625,739.6500244140625,739.469970703125,739.489990234375,51291
2026-05-11 15:08:00+00:00,739.64501953125,739.6799926757812,739.52001953125,739.6199951171875,78582
2026-05-11 15:09:00+00:00,739.6099853515625,739.6799926757812,739.5499877929688,739.6201171875,38527
2026-05-11 15:10:00+00:00,739.5,739.6300048828125,739.489990234375,739.6300048828125,77936
2026-05-11 15:11:00+00:00,739.4099731445312,739.5700073242188,739.4099731445312,739.5,122395
2026-05-11 15:12:00+00:00,739.2949829101562,739.4299926757812,739.260009765625,739.4199829101562,77178
2026-05-11 15:13:00+00:00,739.2999877929688,739.3699951171875,739.260009765625,739.280029296875,58463
2026-05-11 15:14:00+00:00,739.1199951171875,739.3499755859375,739.030029296875,739.2999877929688,131579
2026-05-11 15:15:00+00:00,739.1599731445312,739.1900024414062,738.9500122070312,739.1199951171875,125498
2026-05-11 15:16:00+00:00,739.2999877929688,739.3300170898438,739.1099853515625,739.1599731445312,110199
2026-05-11 15:17:00+00:00,739.330078125,739.3699951171875,739.239990234375,739.2899780273438,101132
2026-05-11 15:18:00+00:00,739.4299926757812,739.47998046875,739.280029296875,739.3499755859375,64055
2026-05-11 15:19:00+00:00,739.469970703125,739.51708984375,739.4199829101562,739.4400024414062,57753
2026-05-11 15:20:00+00:00,739.5800170898438,739.5900268554688,739.3800048828125,739.469970703125,52927
2026-05-11 15:21:00+00:00,739.5999755859375,739.6201171875,739.3499755859375,739.5499877929688,193260
2026-05-11 15:22:00+00:00,739.6199951171875,739.6500244140625,739.5800170898438,739.6199951171875,43163
2026-05-11 15:23:00+00:00,739.719970703125,739.719970703125,739.5599975585938,739.6199951171875,41938
2026-05-11 15:24:00+00:00,739.77001953125,739.7999877929688,739.6799926757812,739.7000122070312,64590
2026-05-11 15:25:00+00:00,739.8099975585938,739.8599853515625,739.7000122070312,739.780029296875,220118
2026-05-11 15:26:00+00:00,739.8300170898438,739.8699951171875,739.7501220703125,739.8099975585938,120088
2026-05-11 15:27:00+00:00,739.97998046875,740.0,739.8099975585938,739.8200073242188,66176
2026-05-11 15:28:00+00:00,740.0100708007812,740.0599975585938,739.9099731445312,739.97998046875,140446
2026-05-11 15:29:00+00:00,740.0706787109375,740.1072998046875,739.97998046875,740.0,50111
2026-05-11 15:30:00+00:00,740.1599731445312,740.1900024414062,740.030029296875,740.0750122070312,89134
2026-05-11 15:31:00+00:00,739.9849853515625,740.1699829101562,739.969970703125,740.1500244140625,97107
2026-05-11 15:32:00+00:00,739.9199829101562,739.9801025390625,739.8599853515625,739.97998046875,111535
2026-05-11 15:33:00+00:00,739.8499755859375,739.9500122070312,739.8499755859375,739.9199829101562,88245
2026-05-11 15:34:00+00:00,739.9000244140625,739.974609375,739.8499755859375,739.85498046875,73211
2026-05-11 15:35:00+00:00,739.780029296875,739.9500122070312,739.739990234375,739.9299926757812,85644
2026-05-11 15:36:00+00:00,739.9299926757812,739.9600219726562,739.739990234375,739.77001953125,88305
2026-05-11 15:37:00+00:00,739.969970703125,740.0800170898438,739.9099731445312,739.9600219726562,68461
2026-05-11 15:38:00+00:00,740.02001953125,740.0499877929688,739.9400024414062,739.969970703125,74205
2026-05-11 15:39:00+00:00,740.0700073242188,740.0800170898438,739.9500122070312,740.02001953125,34933
2026-05-11 15:40:00+00:00,740.030029296875,740.1500244140625,740.0,740.094970703125,74933
2026-05-11 15:41:00+00:00,740.1599731445312,740.1599731445312,739.969970703125,740.030029296875,46853
2026-05-11 15:42:00+00:00,740.0900268554688,740.1699829101562,740.030029296875,740.1400146484375,52524
2026-05-11 15:43:00+00:00,740.1300048828125,740.1875,740.0700073242188,740.0999755859375,66306
2026-05-11 15:44:00+00:00,739.8499755859375,740.1799926757812,739.6699829101562,740.135009765625,202952
2026-05-11 15:45:00+00:00,739.9099731445312,739.9749755859375,739.72998046875,739.8599853515625,123759
2026-05-11 15:46:00+00:00,739.9299926757812,740.0499877929688,739.8300170898438,739.8900146484375,66825
2026-05-11 15:47:00+00:00,739.8300170898438,739.97998046875,739.8099975585938,739.9550170898438,70929
2026-05-11 15:48:00+00:00,739.8800048828125,739.8900146484375,739.7249755859375,739.8200073242188,58782
2026-05-11 15:49:00+00:00,739.9299926757812,739.9600219726562,739.8001098632812,739.8699951171875,34885
2026-05-11 15:50:00+00:00,739.780029296875,739.9400024414062,739.719970703125,739.9099731445312,98255
2026-05-11 15:51:00+00:00,739.9650268554688,739.989990234375,739.760009765625,739.780029296875,95882
2026-05-11 15:52:00+00:00,739.9400024414062,740.030029296875,739.9099731445312,739.969970703125,94907
2026-05-11 15:53:00+00:00,740.1199951171875,740.1849975585938,739.9299926757812,739.9400024414062,53613
2026-05-11 15:54:00+00:00,740.1732177734375,740.260009765625,740.0999755859375,740.1199951171875,70066
2026-05-11 15:55:00+00:00,740.2899780273438,740.3400268554688,740.1699829101562,740.1799926757812,39669
2026-05-11 15:56:00+00:00,740.2150268554688,740.2899780273438,740.1799926757812,740.2849731445312,115393
2026-05-11 15:57:00+00:00,740.1099853515625,740.260009765625,740.0999755859375,740.22998046875,80975
2026-05-11 15:58:00+00:00,740.1400146484375,740.1699829101562,740.0700073242188,740.10498046875,55840
2026-05-11 15:59:00+00:00,740.219970703125,740.260009765625,740.0999755859375,740.1400146484375,112497
2026-05-11 16:00:00+00:00,740.22998046875,740.2449951171875,740.0599975585938,740.219970703125,97838
2026-05-11 16:01:00+00:00,740.239990234375,740.3200073242188,740.2100219726562,740.2100219726562,46164
2026-05-11 16:02:00+00:00,740.2000122070312,740.3099975585938,740.2000122070312,740.22998046875,76251
2026-05-11 16:03:00+00:00,740.1300048828125,740.239990234375,740.1300048828125,740.2100219726562,30281
2026-05-11 16:04:00+00:00,740.0900268554688,740.1699829101562,740.0399780273438,740.1199951171875,59256
2026-05-11 16:05:00+00:00,740.1649780273438,740.2100219726562,740.0800170898438,740.0999755859375,44336
2026-05-11 16:06:00+00:00,740.1300048828125,740.1900024414062,740.0900268554688,740.1699829101562,52268
2026-05-11 16:07:00+00:00,740.1099853515625,740.1599731445312,740.0800170898438,740.1300048828125,32360
2026-05-11 16:08:00+00:00,740.0999755859375,740.1400146484375,740.030029296875,740.1099853515625,71726
2026-05-11 16:09:00+00:00,740.0900268554688,740.1900024414062,740.0700073242188,740.0999755859375,51721
2026-05-11 16:10:00+00:00,740.0900268554688,740.1500244140625,740.0,740.0800170898438,63891
2026-05-11 16:11:00+00:00,740.1799926757812,740.1900024414062,740.0700073242188,740.0700073242188,29215
2026-05-11 16:12:00+00:00,740.219482421875,740.219970703125,740.1500244140625,740.1599731445312,33582
2026-05-11 16:13:00+00:00,740.1900024414062,740.219970703125,740.1500244140625,740.2000122070312,29474
2026-05-11 16:14:00+00:00,740.1300048828125,740.219970703125,740.0999755859375,740.1900024414062,38684
2026-05-11 16:15:00+00:00,740.1998901367188,740.219970703125,740.0999755859375,740.1400146484375,52360
2026-05-11 16:16:00+00:00,740.1400146484375,740.219970703125,740.0999755859375,740.1900024414062,53404
2026-05-11 16:17:00+00:00,740.1799926757812,740.2100219726562,740.1099853515625,740.1400146484375,62846
2026-05-11 16:18:00+00:00,740.0999755859375,740.219970703125,740.0499877929688,740.1749877929688,44552
2026-05-11 16:19:00+00:00,740.0800170898438,740.0999755859375,740.010009765625,740.0900268554688,40085
2026-05-11 16:20:00+00:00,740.0399780273438,740.1599731445312,739.9500122070312,740.0750122070312,67146
2026-05-11 16:21:00+00:00,740.0,740.0700073242188,739.9600219726562,740.0499877929688,51739
2026-05-11 16:22:00+00:00,740.0700073242188,740.1300048828125,739.9801025390625,739.9801025390625,49755
2026-05-11 16:23:00+00:00,740.1699829101562,740.1900024414062,740.0601196289062,740.0700073242188,36092
2026-05-11 16:24:00+00:00,740.3049926757812,740.3300170898438,740.1500244140625,740.1799926757812,57948
2026-05-11 16:25:00+00:00,740.3800048828125,740.439208984375,740.2999877929688,740.2999877929688,82064
2026-05-11 16:26:00+00:00,740.3699951171875,740.4299926757812,740.3200073242188,740.39501953125,46789
2026-05-11 16:27:00+00:00,740.3599853515625,740.4000244140625,740.2999877929688,740.3599853515625,34155
2026-05-11 16:28:00+00:00,740.3400268554688,740.4299926757812,740.2999877929688,740.369873046875,53552
2026-05-11 16:29:00+00:00,740.3350219726562,740.3800048828125,740.3150024414062,740.3400268554688,34369
2026-05-11 16:30:00+00:00,740.3900146484375,740.3900146484375,740.2899780273438,740.3200073242188,92383
2026-05-11 16:31:00+00:00,740.3300170898438,740.4299926757812,740.2960205078125,740.3900146484375,57978
2026-05-11 16:32:00+00:00,740.27001953125,740.3275146484375,740.2000122070312,740.3099975585938,54437
2026-05-11 16:33:00+00:00,740.2100219726562,740.3099975585938,740.1900024414062,740.260009765625,51153
2026-05-11 16:34:00+00:00,740.2899780273438,740.3300170898438,740.219970703125,740.219970703125,43898
2026-05-11 16:35:00+00:00,740.2899780273438,740.3300170898438,740.2100219726562,740.2899780273438,59585
2026-05-11 16:36:00+00:00,740.2807006835938,740.3599853515625,740.260009765625,740.27001953125,34351
2026-05-11 16:37:00+00:00,740.2100219726562,740.3099975585938,740.2000122070312,740.2899780273438,50071
2026-05-11 16:38:00+00:00,740.1799926757812,740.2999877929688,740.1199951171875,740.239990234375,50139
2026-05-11 16:39:00+00:00,740.0900268554688,740.219970703125,740.0800170898438,740.1699829101562,50461
2026-05-11 16:40:00+00:00,740.1099853515625,740.1300048828125,740.02001953125,740.0900268554688,37665
2026-05-11 16:41:00+00:00,739.7100219726562,740.1199951171875,739.7100219726562,740.1199951171875,151870
2026-05-11 16:42:00+00:00,739.2550048828125,739.739990234375,738.8400268554688,739.72998046875,462248
2026-05-11 16:43:00+00:00,739.5,739.5900268554688,739.0599975585938,739.260009765625,193332
2026-05-11 16:44:00+00:00,739.6599731445312,739.6900024414062,739.4400024414062,739.530029296875,137717
2026-05-11 16:45:00+00:00,739.8150024414062,739.8400268554688,739.5800170898438,739.6599731445312,110211
2026-05-11 16:46:00+00:00,739.7050170898438,739.9299926757812,739.6400756835938,739.8200073242188,111487
2026-05-11 16:47:00+00:00,739.8900146484375,739.9199829101562,739.6699829101562,739.7100219726562,41745
2026-05-11 16:48:00+00:00,739.6900024414062,739.8900146484375,739.6599731445312,739.8900146484375,53660
2026-05-11 16:49:00+00:00,739.530029296875,739.6898803710938,739.52001953125,739.6799926757812,49466
2026-05-11 16:50:00+00:00,739.5999145507812,739.6599731445312,739.510009765625,739.530029296875,63895
2026-05-11 16:51:00+00:00,739.58642578125,739.6400146484375,739.489990234375,739.6099853515625,60695
2026-05-11 16:52:00+00:00,739.375,739.5800170898438,739.3499755859375,739.5599975585938,126707
2026-05-11 16:53:00+00:00,739.4199829101562,739.4500122070312,739.2518920898438,739.375,107155
2026-05-11 16:54:00+00:00,739.3330078125,739.4400024414062,739.280029296875,739.3909912109375,175073
2026-05-11 16:55:00+00:00,739.2000122070312,739.3599853515625,739.1900024414062,739.3200073242188,67302
2026-05-11 16:56:00+00:00,739.1661987304688,739.239990234375,739.07080078125,739.219970703125,98501
2026-05-11 16:57:00+00:00,739.2297973632812,739.3900146484375,739.1500244140625,739.1900024414062,75726
2026-05-11 16:58:00+00:00,739.4099731445312,739.5,739.1699829101562,739.2299194335938,97075
2026-05-11 16:59:00+00:00,739.3278198242188,739.4099731445312,739.2999877929688,739.4000244140625,63340
2026-05-11 17:00:00+00:00,739.52001953125,739.5399780273438,739.3400268554688,739.3400268554688,69735
2026-05-11 17:01:00+00:00,739.591552734375,739.6300048828125,739.47998046875,739.510009765625,68900
2026-05-11 17:02:00+00:00,739.4000244140625,739.594970703125,739.3400268554688,739.5900268554688,64148
2026-05-11 17:03:00+00:00,739.4500122070312,739.5399780273438,739.3699951171875,739.3699951171875,31656
2026-05-11 17:04:00+00:00,739.52001953125,739.5900268554688,739.4400024414062,739.4500122070312,39965
2026-05-11 17:05:00+00:00,739.5900268554688,739.6900024414062,739.4949951171875,739.530029296875,44116
2026-05-11 17:06:00+00:00,739.469970703125,739.6300048828125,739.3499755859375,739.5900268554688,62467
2026-05-11 17:07:00+00:00,739.4799194335938,739.5,739.4000244140625,739.4600219726562,39308
2026-05-11 17:08:00+00:00,739.5,739.5399780273438,739.4099731445312,739.469970703125,71967
2026-05-11 17:09:00+00:00,739.4500122070312,739.510009765625,739.4099731445312,739.5,29569
2026-05-11 17:10:00+00:00,739.3300170898438,739.4600219726562,739.239990234375,739.4401245117188,73410
2026-05-11 17:11:00+00:00,739.2899780273438,739.3599853515625,739.219970703125,739.3200073242188,42655
2026-05-11 17:12:00+00:00,739.0349731445312,739.280029296875,739.010009765625,739.280029296875,70915
2026-05-11 17:13:00+00:00,739.1199951171875,739.1300048828125,739.010009765625,739.0399780273438,73990
2026-05-11 17:14:00+00:00,739.0599975585938,739.1699829101562,739.0,739.1099853515625,52917
2026-05-11 17:15:00+00:00,739.1400146484375,739.1500244140625,739.0,739.0499877929688,71088
2026-05-11 17:16:00+00:00,738.9299926757812,739.139892578125,738.8800048828125,739.1300048828125,79874
2026-05-11 17:17:00+00:00,738.9600219726562,739.029296875,738.8800048828125,738.9450073242188,46923
2026-05-11 17:18:00+00:00,738.9299926757812,739.010009765625,738.9000244140625,738.9400024414062,44109
2026-05-11 17:19:00+00:00,738.9550170898438,739.02001953125,738.8900146484375,738.9550170898438,45131
2026-05-11 17:20:00+00:00,739.0800170898438,739.1099853515625,738.9099731445312,738.969970703125,30718
2026-05-11 17:21:00+00:00,739.2899780273438,739.3200073242188,739.0999755859375,739.0999755859375,96730
2026-05-11 17:22:00+00:00,739.3049926757812,739.3579711914062,739.239990234375,739.2999877929688,57607
2026-05-11 17:23:00+00:00,739.4808959960938,739.5399780273438,739.3099975585938,739.3099975585938,59626
2026-05-11 17:24:00+00:00,739.60498046875,739.6599731445312,739.47998046875,739.489990234375,121681
2026-05-11 17:25:00+00:00,739.739990234375,739.8200073242188,739.5599975585938,739.6099853515625,123293
2026-05-11 17:26:00+00:00,739.8400268554688,739.9099731445312,739.732177734375,739.732177734375,61667
2026-05-11 17:27:00+00:00,739.7100219726562,739.8499755859375,739.6900024414062,739.8300170898438,32775
2026-05-11 17:28:00+00:00,739.72998046875,739.7899780273438,739.677490234375,739.7100219726562,39068
2026-05-11 17:29:00+00:00,739.8099975585938,739.8499755859375,739.7000122070312,739.719970703125,84578
2026-05-11 17:30:00+00:00,740.0,740.0700073242188,739.780029296875,739.7899780273438,80480
2026-05-11 17:31:00+00:00,739.9749755859375,740.1199951171875,739.969970703125,740.010009765625,59957
2026-05-11 17:32:00+00:00,740.02001953125,740.0399780273438,739.9400024414062,739.989990234375,30572
2026-05-11 17:33:00+00:00,740.0800170898438,740.2100219726562,740.02001953125,740.02001953125,78901
2026-05-11 17:34:00+00:00,740.1467895507812,740.1500244140625,740.0700073242188,740.0999755859375,48609
2026-05-11 17:35:00+00:00,740.1599731445312,740.1900024414062,740.0800170898438,740.1199951171875,44919
2026-05-11 17:36:00+00:00,740.3599853515625,740.3699951171875,740.1400756835938,740.1599731445312,67610
2026-05-11 17:37:00+00:00,740.35498046875,740.4000244140625,740.3099975585938,740.3599853515625,40415
2026-05-11 17:38:00+00:00,740.3499755859375,740.4248046875,740.3099975585938,740.3699951171875,67667
2026-05-11 17:39:00+00:00,740.2999877929688,740.3400268554688,740.22998046875,740.3300170898438,52758
2026-05-11 17:40:00+00:00,740.333984375,740.3499755859375,740.219970703125,740.2999877929688,57782
2026-05-11 17:41:00+00:00,740.4400024414062,740.4500122070312,740.3099975585938,740.3400268554688,48532
2026-05-11 17:42:00+00:00,740.552001953125,740.5999755859375,740.4099731445312,740.4400024414062,125901
2026-05-11 17:43:00+00:00,740.5700073242188,740.619873046875,740.5286865234375,740.5499877929688,50722
2026-05-11 17:44:00+00:00,740.635009765625,740.6699829101562,740.5599975585938,740.5650024414062,72524
2026-05-11 17:45:00+00:00,740.5499877929688,740.7899780273438,740.5499877929688,740.6400146484375,125899
2026-05-11 17:46:00+00:00,740.5499877929688,740.6500244140625,740.530029296875,740.5499877929688,60291
2026-05-11 17:47:00+00:00,740.469970703125,740.5599975585938,740.4600219726562,740.5401000976562,75386
2026-05-11 17:48:00+00:00,740.510009765625,740.52001953125,740.469970703125,740.469970703125,62732
2026-05-11 17:49:00+00:00,740.3499755859375,740.5,740.3200073242188,740.5,121074
2026-05-11 17:50:00+00:00,740.4199829101562,740.4299926757812,740.3300170898438,740.3411865234375,68991
2026-05-11 17:51:00+00:00,740.3350219726562,740.4500122070312,740.3300170898438,740.4299926757812,57663
2026-05-11 17:52:00+00:00,740.3699951171875,740.4099731445312,740.3400268554688,740.3499755859375,41892
2026-05-11 17:53:00+00:00,740.364990234375,740.4390258789062,740.2999877929688,740.3800048828125,63071
2026-05-11 17:54:00+00:00,740.239990234375,740.39501953125,740.1900024414062,740.3699951171875,78442
2026-05-11 17:55:00+00:00,740.239990234375,740.3400268554688,740.1900024414062,740.2249755859375,57587
2026-05-11 17:56:00+00:00,740.25,740.27001953125,740.2100219726562,740.25,171226
2026-05-11 17:57:00+00:00,740.3099975585938,740.3800048828125,740.239990234375,740.239990234375,59405
2026-05-11 17:58:00+00:00,740.2899780273438,740.3699951171875,740.260009765625,740.3099975585938,50437
2026-05-11 17:59:00+00:00,740.2000122070312,740.2899780273438,740.1400146484375,740.2899780273438,98734
2026-05-11 18:00:00+00:00,740.3300170898438,740.4000244140625,740.1799926757812,740.2000122070312,94856
2026-05-11 18:01:00+00:00,740.489990234375,740.510009765625,740.3250122070312,740.3250122070312,88076
2026-05-11 18:02:00+00:00,740.47998046875,740.530029296875,740.4408569335938,740.489990234375,92903
2026-05-11 18:03:00+00:00,740.5900268554688,740.6099853515625,740.4719848632812,740.47998046875,50194
2026-05-11 18:04:00+00:00,740.6099853515625,740.6199951171875,740.5700073242188,740.5800170898438,105666
2026-05-11 18:05:00+00:00,740.5700073242188,740.6500244140625,740.52001953125,740.5999755859375,158632
2026-05-11 18:06:00+00:00,740.5700073242188,740.6099853515625,740.5399780273438,740.5800170898438,57989
2026-05-11 18:07:00+00:00,740.5599975585938,740.6199951171875,740.5399780273438,740.5700073242188,50771
2026-05-11 18:08:00+00:00,740.5599975585938,740.5999755859375,740.489990234375,740.5499877929688,40788
2026-05-11 18:09:00+00:00,740.5599975585938,740.5800170898438,740.510009765625,740.5698852539062,84435
2026-05-11 18:10:00+00:00,740.4003295898438,740.5798950195312,740.3599853515625,740.5650024414062,46455
2026-05-11 18:11:00+00:00,740.3599853515625,740.4500122070312,740.3300170898438,740.4185791015625,94627
2026-05-11 18:12:00+00:00,740.3800048828125,740.4299926757812,740.2899780273438,740.3499755859375,130014
2026-05-11 18:13:00+00:00,740.3400268554688,740.4600219726562,740.3150024414062,740.3800048828125,97653
2026-05-11 18:14:00+00:00,740.3400268554688,740.3599853515625,740.260009765625,740.3200073242188,53497
2026-05-11 18:15:00+00:00,740.2899780273438,740.4099731445312,740.2899780273438,740.3300170898438,42478
2026-05-11 18:16:00+00:00,740.280029296875,740.3300170898438,740.25,740.2899780273438,49552
2026-05-11 18:17:00+00:00,740.280029296875,740.3400268554688,740.2550048828125,740.2550048828125,44051
2026-05-11 18:18:00+00:00,740.280029296875,740.3099975585938,740.239990234375,740.280029296875,52615
2026-05-11 18:19:00+00:00,740.3099975585938,740.3499755859375,740.260009765625,740.280029296875,49097
2026-05-11 18:20:00+00:00,740.2609252929688,740.3800048828125,740.0499877929688,740.3099975585938,168614
2026-05-11 18:21:00+00:00,740.3300170898438,740.3400268554688,740.239990234375,740.27001953125,30971
2026-05-11 18:22:00+00:00,740.4500122070312,740.530029296875,740.3300170898438,740.3300170898438,79834
2026-05-11 18:23:00+00:00,740.3200073242188,740.510009765625,740.2999877929688,740.4600219726562,38958
2026-05-11 18:24:00+00:00,740.2899780273438,740.3300170898438,740.1900024414062,740.3101196289062,50703
2026-05-11 18:25:00+00:00,740.2550048828125,740.3400268554688,740.239990234375,740.2849731445312,78028
2026-05-11 18:26:00+00:00,740.2899780273438,740.2999877929688,740.219970703125,740.25,79888
2026-05-11 18:27:00+00:00,740.2349853515625,740.3099975585938,740.22998046875,740.2750244140625,34995
2026-05-11 18:28:00+00:00,740.2999877929688,740.3599853515625,740.2349853515625,740.239990234375,32710
2026-05-11 18:29:00+00:00,740.3400268554688,740.3499755859375,740.25,740.2949829101562,31063
2026-05-11 18:30:00+00:00,740.155029296875,740.3499755859375,740.1300048828125,740.3400268554688,60338
2026-05-11 18:31:00+00:00,740.3099975585938,740.3200073242188,740.1300048828125,740.155029296875,64816
2026-05-11 18:32:00+00:00,740.1500244140625,740.2899780273438,740.1099853515625,740.2899780273438,45040
2026-05-11 18:33:00+00:00,740.0800170898438,740.2000122070312,740.0399780273438,740.1649780273438,102695
2026-05-11 18:34:00+00:00,740.0800170898438,740.1400146484375,740.0499877929688,740.0900268554688,142487
2026-05-11 18:35:00+00:00,740.1300048828125,740.1599731445312,740.06298828125,740.0750122070312,69741
2026-05-11 18:36:00+00:00,740.010009765625,740.1599731445312,739.9500122070312,740.1400146484375,75374
2026-05-11 18:37:00+00:00,740.0900268554688,740.0999755859375,739.97998046875,740.02001953125,37377
2026-05-11 18:38:00+00:00,740.1099853515625,740.1500244140625,740.0599975585938,740.0900268554688,49762
2026-05-11 18:39:00+00:00,739.7899780273438,740.1199951171875,739.760009765625,740.10498046875,58777
2026-05-11 18:40:00+00:00,739.7000122070312,739.8599853515625,739.6099853515625,739.7949829101562,187427
2026-05-11 18:41:00+00:00,739.6912231445312,739.739990234375,739.6199951171875,739.7000122070312,126708
2026-05-11 18:42:00+00:00,739.7999877929688,739.8200073242188,739.6900024414062,739.7000122070312,53741
2026-05-11 18:43:00+00:00,739.8200073242188,739.8900146484375,739.77001953125,739.780029296875,47270
2026-05-11 18:44:00+00:00,739.77001953125,739.8400268554688,739.739990234375,739.8200073242188,43697
2026-05-11 18:45:00+00:00,739.5999755859375,739.780029296875,739.531005859375,739.760009765625,91306
2026-05-11 18:46:00+00:00,739.719970703125,739.72998046875,739.5900268554688,739.5999755859375,79131
2026-05-11 18:47:00+00:00,739.75,739.7750244140625,739.6400146484375,739.72998046875,63259
2026-05-11 18:48:00+00:00,739.6199951171875,739.760009765625,739.6099853515625,739.739990234375,58877
2026-05-11 18:49:00+00:00,739.510009765625,739.6400146484375,739.489990234375,739.6099853515625,103140
2026-05-11 18:50:00+00:00,739.4500122070312,739.530029296875,739.4000244140625,739.530029296875,71815
2026-05-11 18:51:00+00:00,739.4349975585938,739.469970703125,739.280029296875,739.4550170898438,137731
2026-05-11 18:52:00+00:00,739.5,739.52001953125,739.4299926757812,739.4299926757812,78461
2026-05-11 18:53:00+00:00,739.3900146484375,739.5499877929688,739.3900146484375,739.5098876953125,95382
2026-05-11 18:54:00+00:00,739.3399047851562,739.4000244140625,739.22998046875,739.3900146484375,129217
2026-05-11 18:55:00+00:00,739.3200073242188,739.3599853515625,739.1799926757812,739.3300170898438,103830
2026-05-11 18:56:00+00:00,739.3099975585938,739.3900146484375,739.280029296875,739.3300170898438,80023
2026-05-11 18:57:00+00:00,739.0800170898438,739.3099975585938,738.9500122070312,739.3099975585938,158325
2026-05-11 18:58:00+00:00,738.8699951171875,739.1199951171875,738.780029296875,739.0700073242188,77604
2026-05-11 18:59:00+00:00,738.52001953125,738.8800048828125,738.5,738.8800048828125,117322
2026-05-11 19:00:00+00:00,738.52001953125,738.6699829101562,738.4299926757812,738.5599975585938,120305
2026-05-11 19:01:00+00:00,738.8049926757812,738.8400268554688,738.52001953125,738.530029296875,144912
2026-05-11 19:02:00+00:00,738.77001953125,738.8099975585938,738.594970703125,738.8049926757812,53222
2026-05-11 19:03:00+00:00,738.5911254882812,738.760009765625,738.530029296875,738.760009765625,84606
2026-05-11 19:04:00+00:00,738.2899169921875,738.5900268554688,738.25,738.5900268554688,86565
2026-05-11 19:05:00+00:00,738.5900268554688,738.5999755859375,738.2000122070312,738.280029296875,107450
2026-05-11 19:06:00+00:00,738.9349975585938,738.9600219726562,738.5750122070312,738.6099853515625,153534
2026-05-11 19:07:00+00:00,738.8800048828125,738.9600219726562,738.7899780273438,738.9301147460938,394347
2026-05-11 19:08:00+00:00,738.8499755859375,738.97998046875,738.8200073242188,738.8900146484375,74522
2026-05-11 19:09:00+00:00,738.9600219726562,739.0,738.760009765625,738.8499755859375,93471
2026-05-11 19:10:00+00:00,739.030029296875,739.0900268554688,738.905029296875,738.969970703125,124428
2026-05-11 19:11:00+00:00,739.0700073242188,739.0900268554688,738.969970703125,739.0399780273438,50476
2026-05-11 19:12:00+00:00,738.9299926757812,739.1900024414062,738.9201049804688,739.0900268554688,111726
2026-05-11 19:13:00+00:00,738.719970703125,738.97998046875,738.7000122070312,738.9199829101562,121407
2026-05-11 19:14:00+00:00,738.780029296875,738.8099975585938,738.6599731445312,738.7249755859375,64569
2026-05-11 19:15:00+00:00,738.5800170898438,738.8099975585938,738.5501098632812,738.7849731445312,103672
2026-05-11 19:16:00+00:00,738.4199829101562,738.6699829101562,738.3800048828125,738.5700073242188,162078
2026-05-11 19:17:00+00:00,738.6400146484375,738.6400146484375,738.4099731445312,738.4450073242188,100977
2026-05-11 19:18:00+00:00,738.5499877929688,738.6599731445312,738.5399780273438,738.6500244140625,76195
2026-05-11 19:19:00+00:00,738.5900268554688,738.6114501953125,738.510009765625,738.5449829101562,52708
2026-05-11 19:20:00+00:00,738.4299926757812,738.6500244140625,738.3900146484375,738.5599975585938,159529
2026-05-11 19:21:00+00:00,738.3200073242188,738.4600219726562,738.3099975585938,738.4000244140625,57555
2026-05-11 19:22:00+00:00,738.2525024414062,738.3699951171875,738.1599731445312,738.3300170898438,59696
2026-05-11 19:23:00+00:00,738.4796752929688,738.489990234375,738.260009765625,738.260009765625,135206
2026-05-11 19:24:00+00:00,738.405029296875,738.6199951171875,738.3599853515625,738.469970703125,106903
2026-05-11 19:25:00+00:00,738.3800048828125,738.530029296875,738.2899780273438,738.4099731445312,182337
2026-05-11 19:26:00+00:00,738.3200073242188,738.4299926757812,738.3099975585938,738.3599853515625,55794
2026-05-11 19:27:00+00:00,738.4650268554688,738.5399780273438,738.2899780273438,738.3259887695312,137196
2026-05-11 19:28:00+00:00,738.5800170898438,738.6400146484375,738.4450073242188,738.4650268554688,208754
2026-05-11 19:29:00+00:00,738.489990234375,738.5999755859375,738.3900146484375,738.5700073242188,109485
2026-05-11 19:30:00+00:00,738.5,738.530029296875,738.3099975585938,738.4849853515625,109764
2026-05-11 19:31:00+00:00,738.5499877929688,738.5900268554688,738.3499755859375,738.510009765625,117961
2026-05-11 19:32:00+00:00,738.7999877929688,738.8699951171875,738.5399780273438,738.5499877929688,112184
2026-05-11 19:33:00+00:00,738.7100219726562,738.8900146484375,738.6599731445312,738.8200073242188,94557
2026-05-11 19:34:00+00:00,738.6099853515625,738.8099975585938,738.5800170898438,738.7000122070312,113473
2026-05-11 19:35:00+00:00,738.4799194335938,738.6500244140625,738.4099731445312,738.5999755859375,173080
2026-05-11 19:36:00+00:00,738.4400024414062,738.5599975585938,738.3800048828125,738.47998046875,149714
2026-05-11 19:37:00+00:00,738.4749755859375,738.5798950195312,738.364990234375,738.4400024414062,332708
2026-05-11 19:38:00+00:00,738.530029296875,738.5499877929688,738.3800048828125,738.4749755859375,109733
2026-05-11 19:39:00+00:00,738.6199951171875,738.6500244140625,738.47998046875,738.530029296875,132792
2026-05-11 19:40:00+00:00,738.5499877929688,738.739990234375,738.530029296875,738.6199951171875,149392
2026-05-11 19:41:00+00:00,738.3300170898438,738.5700073242188,738.3300170898438,738.5549926757812,124776
2026-05-11 19:42:00+00:00,738.3400268554688,738.3699951171875,738.1799926757812,738.3300170898438,87589
2026-05-11 19:43:00+00:00,738.260009765625,738.3699951171875,738.219970703125,738.3699951171875,73618
2026-05-11 19:44:00+00:00,738.1900024414062,738.2899780273438,738.1799926757812,738.27001953125,79211
2026-05-11 19:45:00+00:00,738.3900146484375,738.4400024414062,738.1300048828125,738.1900024414062,200981
2026-05-11 19:46:00+00:00,738.489990234375,738.52001953125,738.3099975585938,738.3800048828125,126475
2026-05-11 19:47:00+00:00,738.5,738.6900024414062,738.489990234375,738.5,290688
2026-05-11 19:48:00+00:00,738.5800170898438,738.5900268554688,738.4199829101562,738.489990234375,124452
2026-05-11 19:49:00+00:00,738.6099853515625,738.6699829101562,738.530029296875,738.5700073242188,155733
2026-05-11 19:50:00+00:00,738.7999877929688,738.8300170898438,738.4600219726562,738.5999755859375,282162
2026-05-11 19:51:00+00:00,738.7899780273438,738.8875122070312,738.7000122070312,738.7899780273438,317416
2026-05-11 19:52:00+00:00,738.8150024414062,738.8400268554688,738.72998046875,738.7899780273438,184457
2026-05-11 19:53:00+00:00,738.719970703125,738.9600219726562,738.5900268554688,738.8099975585938,201495
2026-05-11 19:54:00+00:00,738.8900146484375,739.010009765625,738.6599731445312,738.7000122070312,270972
2026-05-11 19:55:00+00:00,739.1500244140625,739.1500244140625,738.8400268554688,738.8900146484375,331380
2026-05-11 19:56:00+00:00,738.8499755859375,739.1599731445312,738.719970703125,739.1500244140625,430067
2026-05-11 19:57:00+00:00,738.875,738.9500122070312,738.780029296875,738.8499755859375,185296
2026-05-11 19:58:00+00:00,738.885009765625,738.9500122070312,738.8200073242188,738.8800048828125,387113
2026-05-11 19:59:00+00:00,739.2000122070312,739.2100219726562,738.719970703125,738.8900146484375,848868
2026-05-12 13:30:00+00:00,736.6300048828125,737.219970703125,736.4099731445312,736.8900146484375,1513906
2026-05-12 13:31:00+00:00,736.22998046875,736.6199951171875,736.2100219726562,736.6199951171875,145789
2026-05-12 13:32:00+00:00,736.469970703125,736.5,736.1599731445312,736.219970703125,113439
2026-05-12 13:33:00+00:00,736.280029296875,736.5900268554688,736.280029296875,736.4650268554688,95416
2026-05-12 13:34:00+00:00,736.3499755859375,736.530029296875,736.22998046875,736.280029296875,135626
2026-05-12 13:35:00+00:00,735.719970703125,736.3599853515625,735.614990234375,736.3599853515625,229395
2026-05-12 13:36:00+00:00,735.739990234375,735.989990234375,735.6500244140625,735.72998046875,228368
2026-05-12 13:37:00+00:00,735.8499755859375,735.969970703125,735.510009765625,735.7849731445312,142833
2026-05-12 13:38:00+00:00,735.8099975585938,735.9099731445312,735.6799926757812,735.8499755859375,95147
2026-05-12 13:39:00+00:00,736.0900268554688,736.1900024414062,735.77001953125,735.780029296875,89451
2026-05-12 13:40:00+00:00,736.1749877929688,736.4500122070312,736.030029296875,736.0800170898438,145122
2026-05-12 13:41:00+00:00,736.0800170898438,736.2899780273438,735.7899780273438,736.1699829101562,120782
2026-05-12 13:42:00+00:00,736.4349975585938,736.4500122070312,736.0999755859375,736.0999755859375,91101
2026-05-12 13:43:00+00:00,736.6099853515625,736.760009765625,736.4000244140625,736.4349975585938,107050
2026-05-12 13:44:00+00:00,736.719970703125,736.7899780273438,736.5,736.5999755859375,87790
2026-05-12 13:45:00+00:00,736.7349853515625,736.9000244140625,736.535400390625,736.719970703125,122008
2026-05-12 13:46:00+00:00,736.3900146484375,736.760009765625,735.97998046875,736.739990234375,191118
2026-05-12 13:47:00+00:00,735.77001953125,736.3800048828125,735.72998046875,736.3800048828125,111476
2026-05-12 13:48:00+00:00,735.625,735.9400024414062,735.625,735.7650146484375,85927
2026-05-12 13:49:00+00:00,735.780029296875,735.97998046875,735.6099853515625,735.6300048828125,54273
2026-05-12 13:50:00+00:00,735.6099853515625,735.8200073242188,735.5499877929688,735.75,110877
2026-05-12 13:51:00+00:00,735.4500122070312,735.8099975585938,735.4450073242188,735.6500244140625,99455
2026-05-12 13:52:00+00:00,735.8800048828125,735.8800048828125,735.4199829101562,735.4600219726562,103211
2026-05-12 13:53:00+00:00,736.3300170898438,736.4400024414062,735.8499755859375,735.9000244140625,130922
2026-05-12 13:54:00+00:00,735.9099731445312,736.3800048828125,735.8800048828125,736.3300170898438,102954
2026-05-12 13:55:00+00:00,735.5499877929688,735.9299926757812,735.3200073242188,735.9091186523438,163769
2026-05-12 13:56:00+00:00,735.22998046875,735.6699829101562,735.2000122070312,735.5700073242188,129625
2026-05-12 13:57:00+00:00,735.3599243164062,735.4600219726562,734.8900146484375,735.219970703125,199644
2026-05-12 13:58:00+00:00,735.02001953125,735.4049072265625,734.9500122070312,735.3499755859375,171130
2026-05-12 13:59:00+00:00,735.1099853515625,735.280029296875,734.8599853515625,735.010009765625,143029
2026-05-12 14:00:00+00:00,734.8200073242188,735.22998046875,734.6500244140625,735.1400146484375,240197
2026-05-12 14:01:00+00:00,735.0850219726562,735.260009765625,734.739990234375,734.8250122070312,157268
2026-05-12 14:02:00+00:00,735.1099853515625,735.3300170898438,734.9400024414062,735.0599975585938,116340
2026-05-12 14:03:00+00:00,734.8300170898438,735.1199951171875,734.6900024414062,735.1099853515625,78825
2026-05-12 14:04:00+00:00,735.0999755859375,735.2050170898438,734.6599731445312,734.8200073242188,98046
2026-05-12 14:05:00+00:00,735.2650146484375,735.47998046875,735.0999755859375,735.1099853515625,61940
2026-05-12 14:06:00+00:00,735.469970703125,735.530029296875,735.1900024414062,735.2550048828125,70315
2026-05-12 14:07:00+00:00,735.4000244140625,735.6300048828125,735.3300170898438,735.4600830078125,65381
2026-05-12 14:08:00+00:00,735.219970703125,735.510009765625,735.010009765625,735.3900146484375,67495
2026-05-12 14:09:00+00:00,735.3200073242188,735.4349975585938,735.1900024414062,735.3099975585938,63495
2026-05-12 14:10:00+00:00,735.25,735.4451904296875,735.0800170898438,735.344970703125,57458
2026-05-12 14:11:00+00:00,735.3900146484375,735.4600219726562,735.1099853515625,735.22998046875,80207
2026-05-12 14:12:00+00:00,735.5,735.6998901367188,735.3400268554688,735.4107055664062,74435
2026-05-12 14:13:00+00:00,735.739990234375,735.968017578125,735.52001953125,735.52001953125,107426
2026-05-12 14:14:00+00:00,736.1099853515625,736.1599731445312,735.72998046875,735.7301025390625,86226
2026-05-12 14:15:00+00:00,736.1900024414062,736.2550048828125,736.0,736.1199951171875,91803
2026-05-12 14:16:00+00:00,736.0,736.27001953125,735.9299926757812,736.1799926757812,226367
2026-05-12 14:17:00+00:00,736.010009765625,736.0599975585938,735.8150024414062,736.02001953125,84301
2026-05-12 14:18:00+00:00,736.0399780273438,736.1900024414062,735.760009765625,736.02001953125,88144
2026-05-12 14:19:00+00:00,736.219970703125,736.3800048828125,736.0,736.02001953125,78944
2026-05-12 14:20:00+00:00,736.030029296875,736.2899780273438,735.989990234375,736.1900024414062,78453
2026-05-12 14:21:00+00:00,735.780029296875,736.0599975585938,735.7000732421875,736.02001953125,110133
2026-05-12 14:22:00+00:00,735.72998046875,735.969970703125,735.6500244140625,735.780029296875,55842
2026-05-12 14:23:00+00:00,735.510009765625,735.72998046875,735.47998046875,735.7100219726562,70679
2026-05-12 14:24:00+00:00,735.5744018554688,735.6199951171875,735.4700927734375,735.52001953125,39049
2026-05-12 14:25:00+00:00,735.5200805664062,735.8400268554688,735.469970703125,735.5999755859375,90849
2026-05-12 14:26:00+00:00,735.2899780273438,735.5599975585938,735.0499877929688,735.510009765625,140565
2026-05-12 14:27:00+00:00,735.0999755859375,735.4199829101562,735.0700073242188,735.2899780273438,35204
2026-05-12 14:28:00+00:00,734.7899780273438,735.1199951171875,734.6900024414062,735.0999755859375,115582
2026-05-12 14:29:00+00:00,734.9199829101562,735.0,734.5700073242188,734.75,159673
2026-05-12 14:30:00+00:00,734.2999877929688,734.969970703125,734.260009765625,734.9199829101562,189652
2026-05-12 14:31:00+00:00,733.9199829101562,734.29931640625,733.7999877929688,734.2899780273438,259431
2026-05-12 14:32:00+00:00,733.7899780273438,734.0700073242188,733.7150268554688,733.9199829101562,171850
2026-05-12 14:33:00+00:00,733.6199951171875,734.0399780273438,733.5599975585938,733.780029296875,300993
2026-05-12 14:34:00+00:00,734.0499877929688,734.1199951171875,733.5399780273438,733.6199951171875,180007
2026-05-12 14:35:00+00:00,733.639892578125,734.239990234375,733.5399780273438,734.0349731445312,172494
2026-05-12 14:36:00+00:00,733.8800048828125,733.9500122070312,733.5399780273438,733.6400146484375,114635
2026-05-12 14:37:00+00:00,734.3400268554688,734.3599853515625,733.8499755859375,733.919921875,123676
2026-05-12 14:38:00+00:00,734.4400024414062,734.561279296875,734.280029296875,734.3300170898438,115719
2026-05-12 14:39:00+00:00,734.6400146484375,734.6699829101562,734.3800048828125,734.4299926757812,116526
2026-05-12 14:40:00+00:00,734.5499877929688,734.7000122070312,734.4199829101562,734.630126953125,96488
2026-05-12 14:41:00+00:00,734.5399780273438,734.5900268554688,734.27001953125,734.5399780273438,69355
2026-05-12 14:42:00+00:00,734.9500122070312,734.969970703125,734.52001953125,734.5499877929688,79221
2026-05-12 14:43:00+00:00,734.8599853515625,735.1900024414062,734.760009765625,734.9600830078125,113281
2026-05-12 14:44:00+00:00,734.5999755859375,734.9400024414062,734.5999755859375,734.8800048828125,70565
2026-05-12 14:45:00+00:00,734.3300170898438,734.6400146484375,734.2000122070312,734.5999755859375,92635
2026-05-12 14:46:00+00:00,734.260009765625,734.4400024414062,734.22998046875,734.319091796875,181099
2026-05-12 14:47:00+00:00,734.239990234375,734.3798828125,734.0599975585938,734.2874755859375,101459
2026-05-12 14:48:00+00:00,734.1400146484375,734.280029296875,734.0560302734375,734.2100219726562,62387
2026-05-12 14:49:00+00:00,734.0999755859375,734.1500244140625,734.0,734.1400146484375,103596
2026-05-12 14:50:00+00:00,733.85498046875,734.2000122070312,733.8499755859375,734.0700073242188,74643
2026-05-12 14:51:00+00:00,733.7399291992188,733.9299926757812,733.6500244140625,733.8400268554688,112971
2026-05-12 14:52:00+00:00,734.0900268554688,734.1599731445312,733.7249755859375,733.7249755859375,72214
2026-05-12 14:53:00+00:00,734.1749877929688,734.2999877929688,734.010009765625,734.0999755859375,67141
2026-05-12 14:54:00+00:00,734.0198974609375,734.219970703125,733.9099731445312,734.1500244140625,50795
2026-05-12 14:55:00+00:00,733.989990234375,734.1599731445312,733.9500122070312,734.0,53307
2026-05-12 14:56:00+00:00,733.875,734.030029296875,733.7899780273438,733.969970703125,37146
2026-05-12 14:57:00+00:00,733.7899780273438,733.9299926757812,733.6500244140625,733.8599853515625,195152
2026-05-12 14:58:00+00:00,733.8150024414062,733.9299926757812,733.6500244140625,733.7899780273438,90914
2026-05-12 14:59:00+00:00,733.7899780273438,733.8399047851562,733.6699829101562,733.8200073242188,115818
2026-05-12 15:00:00+00:00,733.6900024414062,733.9400024414062,733.6500854492188,733.780029296875,145159
2026-05-12 15:01:00+00:00,733.6300048828125,733.8200073242188,733.52001953125,733.6900024414062,104626
2026-05-12 15:02:00+00:00,733.4400024414062,733.6199951171875,733.3800048828125,733.6199951171875,183199
2026-05-12 15:03:00+00:00,733.5,733.6400146484375,733.3599853515625,733.4500122070312,159532
2026-05-12 15:04:00+00:00,733.469970703125,733.739990234375,733.4400024414062,733.52001953125,151549
2026-05-12 15:05:00+00:00,733.4500122070312,733.4749755859375,733.239990234375,733.469970703125,161356
2026-05-12 15:06:00+00:00,733.823974609375,733.8900146484375,733.3699951171875,733.4400024414062,138588
2026-05-12 15:07:00+00:00,733.9500122070312,734.0,733.739990234375,733.8400268554688,121979
2026-05-12 15:08:00+00:00,733.9000244140625,733.97998046875,733.7000122070312,733.9600219726562,77552
2026-05-12 15:09:00+00:00,733.989990234375,734.030029296875,733.780029296875,733.9249877929688,97147
2026-05-12 15:10:00+00:00,733.7949829101562,734.0499877929688,733.6699829101562,734.0399780273438,67299
2026-05-12 15:11:00+00:00,733.5800170898438,733.8699951171875,733.5700073242188,733.8300170898438,52105
2026-05-12 15:12:00+00:00,733.5399780273438,733.6699829101562,733.489990234375,733.5800170898438,75554
2026-05-12 15:13:00+00:00,733.6347045898438,733.6400146484375,733.3499755859375,733.510009765625,66989
2026-05-12 15:14:00+00:00,733.239990234375,733.5999145507812,733.1199951171875,733.5900268554688,351797
2026-05-12 15:15:00+00:00,732.9801025390625,733.27001953125,732.9400024414062,733.239990234375,342128
2026-05-12 15:16:00+00:00,732.8900146484375,733.1500244140625,732.8599853515625,733.0,126347
2026-05-12 15:17:00+00:00,732.8699951171875,732.8900146484375,732.6199951171875,732.8699951171875,233997
2026-05-12 15:18:00+00:00,732.6649780273438,732.9299926757812,732.6199951171875,732.8900146484375,128266
2026-05-12 15:19:00+00:00,732.9500122070312,732.97998046875,732.6300048828125,732.6799926757812,93665
2026-05-12 15:20:00+00:00,732.9400024414062,733.0599975585938,732.760009765625,732.9600219726562,92761
2026-05-12 15:21:00+00:00,732.72998046875,733.02001953125,732.6799926757812,732.9500122070312,96831
2026-05-12 15:22:00+00:00,732.6500244140625,732.7899780273438,732.5599975585938,732.739990234375,77304
2026-05-12 15:23:00+00:00,732.2849731445312,732.6500244140625,732.27001953125,732.6400146484375,111719
2026-05-12 15:24:00+00:00,732.0900268554688,732.280029296875,731.9600219726562,732.280029296875,215355
2026-05-12 15:25:00+00:00,731.9537353515625,732.2000122070312,731.8400268554688,732.1300048828125,164573
2026-05-12 15:26:00+00:00,732.25,732.3599853515625,731.8300170898438,731.9000244140625,151986
2026-05-12 15:27:00+00:00,732.2600708007812,732.469970703125,732.1400146484375,732.260009765625,129190
2026-05-12 15:28:00+00:00,732.0050048828125,732.4000244140625,731.9400024414062,732.27001953125,147098
2026-05-12 15:29:00+00:00,732.3200073242188,732.3800048828125,731.97998046875,732.0050048828125,104882
2026-05-12 15:30:00+00:00,732.25,732.6900024414062,732.1199951171875,732.3400268554688,146290
2026-05-12 15:31:00+00:00,732.3499755859375,732.4299926757812,732.1799926757812,732.239990234375,98327
2026-05-12 15:32:00+00:00,732.6300048828125,732.75,732.3200073242188,732.3400268554688,147400
2026-05-12 15:33:00+00:00,732.8400268554688,732.9000244140625,732.5800170898438,732.6500244140625,99794
2026-05-12 15:34:00+00:00,732.8699951171875,733.030029296875,732.7100219726562,732.8400268554688,89995
2026-05-12 15:35:00+00:00,732.7000122070312,732.9000244140625,732.52001953125,732.8599853515625,90789
2026-05-12 15:36:00+00:00,732.8300170898438,732.9199829101562,732.489990234375,732.6900024414062,101067
2026-05-12 15:37:00+00:00,733.0050048828125,733.0650024414062,732.8200073242188,732.8300170898438,81781
2026-05-12 15:38:00+00:00,733.1799926757812,733.2000122070312,732.9849853515625,733.010009765625,62153
2026-05-12 15:39:00+00:00,733.1043090820312,733.2899780273438,733.1032104492188,733.1749877929688,56049
2026-05-12 15:40:00+00:00,733.1300048828125,733.280029296875,733.0399780273438,733.0999755859375,98740
2026-05-12 15:41:00+00:00,732.989990234375,733.1599731445312,732.8800048828125,733.1207275390625,76540
2026-05-12 15:42:00+00:00,733.0399780273438,733.0900268554688,732.8300170898438,732.97998046875,86683
2026-05-12 15:43:00+00:00,733.385009765625,733.385009765625,733.010009765625,733.0399780273438,60409
2026-05-12 15:44:00+00:00,733.530029296875,733.5499877929688,733.3800048828125,733.3800048828125,71267
2026-05-12 15:45:00+00:00,733.52001953125,733.72998046875,733.469970703125,733.530029296875,91028
2026-05-12 15:46:00+00:00,733.3900756835938,733.5700073242188,733.2999877929688,733.5150146484375,174665
2026-05-12 15:47:00+00:00,733.469970703125,733.5599975585938,733.3599853515625,733.3800048828125,234281
2026-05-12 15:48:00+00:00,733.3499755859375,733.5800170898438,733.3300170898438,733.4600219726562,53754
2026-05-12 15:49:00+00:00,733.3400268554688,733.4400024414062,733.25,733.3499755859375,58337
2026-05-12 15:50:00+00:00,733.260009765625,733.4899291992188,733.1300048828125,733.3300170898438,69143
2026-05-12 15:51:00+00:00,733.25,733.3099975585938,733.0701293945312,733.260009765625,68373
2026-05-12 15:52:00+00:00,733.1699829101562,733.3198852539062,733.0999755859375,733.25,42486
2026-05-12 15:53:00+00:00,733.10498046875,733.2899780273438,733.0800170898438,733.1599731445312,48824
2026-05-12 15:54:00+00:00,733.1199951171875,733.25,733.0599975585938,733.10498046875,49725
2026-05-12 15:55:00+00:00,733.1900024414062,733.1900024414062,732.9100952148438,733.0900268554688,81537
2026-05-12 15:56:00+00:00,732.989990234375,733.2249755859375,732.9400024414062,733.1699829101562,44327
2026-05-12 15:57:00+00:00,732.75,733.0900268554688,732.7000122070312,732.989990234375,103529
2026-05-12 15:58:00+00:00,732.5599975585938,732.75,732.530029296875,732.7100219726562,86161
2026-05-12 15:59:00+00:00,732.489990234375,732.6400146484375,732.3709716796875,732.5599975585938,116701
2026-05-12 16:00:00+00:00,732.469970703125,732.5499877929688,732.1099853515625,732.489990234375,165803
2026-05-12 16:01:00+00:00,732.8499755859375,732.8800048828125,732.4400024414062,732.469970703125,134893
2026-05-12 16:02:00+00:00,732.8690185546875,732.947998046875,732.719970703125,732.8499755859375,78785
2026-05-12 16:03:00+00:00,733.2305297851562,733.239990234375,732.8400268554688,732.8699951171875,105637
2026-05-12 16:04:00+00:00,733.22998046875,733.3300170898438,733.0499877929688,733.25,58450
2026-05-12 16:05:00+00:00,733.0700073242188,733.3099975585938,733.0700073242188,733.25,60870
2026-05-12 16:06:00+00:00,732.9099731445312,733.0650024414062,732.8599853515625,733.0599975585938,52959
2026-05-12 16:07:00+00:00,733.02001953125,733.1099853515625,732.8699951171875,732.9000244140625,51619
2026-05-12 16:08:00+00:00,732.75,733.0399780273438,732.72998046875,733.030029296875,53857
2026-05-12 16:09:00+00:00,732.780029296875,732.8400268554688,732.6400146484375,732.719970703125,57332
2026-05-12 16:10:00+00:00,732.7899780273438,732.8800048828125,732.7000122070312,732.780029296875,43899
2026-05-12 16:11:00+00:00,732.7999877929688,732.989990234375,732.6799926757812,732.780029296875,57376
2026-05-12 16:12:00+00:00,732.9099731445312,732.969970703125,732.7299194335938,732.7849731445312,46358
2026-05-12 16:13:00+00:00,733.3499755859375,733.3499755859375,732.910400390625,732.9199829101562,332256
2026-05-12 16:14:00+00:00,733.3499755859375,733.47998046875,733.2600708007812,733.3400268554688,60148
2026-05-12 16:15:00+00:00,733.1400146484375,733.4299926757812,733.043212890625,733.3300170898438,42891
2026-05-12 16:16:00+00:00,733.1400146484375,733.22998046875,733.02001953125,733.1588134765625,184257
2026-05-12 16:17:00+00:00,733.1699829101562,733.27001953125,733.1300048828125,733.1599731445312,52249
2026-05-12 16:18:00+00:00,733.0700073242188,733.3165283203125,733.0499877929688,733.1599731445312,178965
2026-05-12 16:19:00+00:00,733.010009765625,733.2100219726562,733.010009765625,733.0800170898438,66563
2026-05-12 16:20:00+00:00,733.1600952148438,733.1799926757812,732.9199829101562,733.0250244140625,98002
2026-05-12 16:21:00+00:00,732.77001953125,733.3200073242188,732.760009765625,733.1649780273438,101922
2026-05-12 16:22:00+00:00,732.8438110351562,732.9099731445312,732.719970703125,732.75,63255
2026-05-12 16:23:00+00:00,732.780029296875,732.8699951171875,732.739990234375,732.8499755859375,70883
2026-05-12 16:24:00+00:00,732.8400268554688,732.8400268554688,732.5499877929688,732.77001953125,93733
2026-05-12 16:25:00+00:00,732.7750244140625,732.9299926757812,732.7100219726562,732.8400268554688,78797
2026-05-12 16:26:00+00:00,732.85498046875,732.9299926757812,732.6799926757812,732.760009765625,66808
2026-05-12 16:27:00+00:00,732.8300170898438,732.8900146484375,732.760009765625,732.85498046875,55111
2026-05-12 16:28:00+00:00,733.0,733.0,732.780029296875,732.8200073242188,48806
2026-05-12 16:29:00+00:00,732.739990234375,733.0,732.6799926757812,733.0,51026
2026-05-12 16:30:00+00:00,732.4636840820312,732.8099975585938,732.4600219726562,732.72998046875,64576
2026-05-12 16:31:00+00:00,732.4000244140625,732.5399780273438,732.3099975585938,732.510009765625,81032
2026-05-12 16:32:00+00:00,732.469970703125,732.5599975585938,732.1900024414062,732.4000244140625,210211
2026-05-12 16:33:00+00:00,732.3049926757812,732.47998046875,732.27001953125,732.469970703125,54523
2026-05-12 16:34:00+00:00,732.5499877929688,732.5800170898438,732.2999877929688,732.3099975585938,59298
2026-05-12 16:35:00+00:00,732.739990234375,732.780029296875,732.5399780273438,732.5399780273438,102969
2026-05-12 16:36:00+00:00,732.8699951171875,732.9500122070312,732.657470703125,732.7449951171875,61460
2026-05-12 16:37:00+00:00,732.8200073242188,733.0399780273438,732.7999877929688,732.8800048828125,78988
2026-05-12 16:38:00+00:00,732.7000122070312,732.9400024414062,732.6849975585938,732.8150024414062,85822
2026-05-12 16:39:00+00:00,732.7999877929688,732.8499755859375,732.6799926757812,732.6799926757812,74372
2026-05-12 16:40:00+00:00,732.840087890625,732.969970703125,732.75,732.7999877929688,67106
2026-05-12 16:41:00+00:00,732.4199829101562,732.85498046875,732.3400268554688,732.85498046875,102471
2026-05-12 16:42:00+00:00,732.3400268554688,732.47998046875,732.2902221679688,732.4099731445312,75853
2026-05-12 16:43:00+00:00,732.3800048828125,732.4500122070312,732.27001953125,732.3400268554688,104083
2026-05-12 16:44:00+00:00,732.4199829101562,732.469970703125,732.3300170898438,732.364990234375,86637
2026-05-12 16:45:00+00:00,732.1599731445312,732.5900268554688,732.0999755859375,732.4199829101562,148789
2026-05-12 16:46:00+00:00,732.030029296875,732.22998046875,732.030029296875,732.155029296875,131399
2026-05-12 16:47:00+00:00,731.97998046875,732.1400146484375,731.9450073242188,732.0499877929688,102408
2026-05-12 16:48:00+00:00,732.0,732.0499877929688,731.8499755859375,731.969970703125,85191
2026-05-12 16:49:00+00:00,732.1199951171875,732.219970703125,731.9796142578125,732.02001953125,64030
2026-05-12 16:50:00+00:00,732.0700073242188,732.1699829101562,731.989990234375,732.0999755859375,80664
2026-05-12 16:51:00+00:00,732.2100219726562,732.239990234375,731.989990234375,732.0599975585938,52599
2026-05-12 16:52:00+00:00,731.9349975585938,732.3099975585938,731.9099731445312,732.219970703125,133372
2026-05-12 16:53:00+00:00,731.9400024414062,732.02001953125,731.8499755859375,731.9199829101562,134886
2026-05-12 16:54:00+00:00,732.0,732.030029296875,731.8300170898438,731.9199829101562,69893
2026-05-12 16:55:00+00:00,732.0499877929688,732.0800170898438,731.8300170898438,732.0050048828125,68578
2026-05-12 16:56:00+00:00,732.0800170898438,732.1500244140625,731.9600219726562,732.030029296875,65781
2026-05-12 16:57:00+00:00,732.1699829101562,732.1799926757812,731.989990234375,732.0833129882812,49923
2026-05-12 16:58:00+00:00,731.9500122070312,732.219970703125,731.9299926757812,732.1799926757812,52541
2026-05-12 16:59:00+00:00,732.10498046875,732.1699829101562,731.926025390625,731.9600219726562,51178
2026-05-12 17:00:00+00:00,732.2401123046875,732.3900146484375,732.010009765625,732.1199951171875,105732
2026-05-12 17:01:00+00:00,732.3599853515625,732.4000244140625,732.2100219726562,732.25,125134
2026-05-12 17:02:00+00:00,732.5599975585938,732.6099853515625,732.3200073242188,732.3400268554688,145318
2026-05-12 17:03:00+00:00,732.8200073242188,732.844970703125,732.489990234375,732.5599975585938,94367
2026-05-12 17:04:00+00:00,732.8599853515625,732.97998046875,732.780029296875,732.8200073242188,58206
2026-05-12 17:05:00+00:00,733.0426025390625,733.0599975585938,732.8499755859375,732.860107421875,63656
2026-05-12 17:06:00+00:00,733.3099975585938,733.3400268554688,733.0,733.02001953125,75545
2026-05-12 17:07:00+00:00,733.3200073242188,733.3900146484375,733.1956787109375,733.2999877929688,91948
2026-05-12 17:08:00+00:00,733.1500244140625,733.344970703125,733.0399780273438,733.3200073242188,91893
2026-05-12 17:09:00+00:00,733.010009765625,733.1300048828125,732.97998046875,733.1300048828125,78236
2026-05-12 17:10:00+00:00,733.2550048828125,733.3099975585938,732.9400024414062,733.010009765625,82649
2026-05-12 17:11:00+00:00,733.1799926757812,733.2999877929688,733.1500244140625,733.239990234375,112335
2026-05-12 17:12:00+00:00,733.1300048828125,733.219970703125,733.0,733.1599731445312,86440
2026-05-12 17:13:00+00:00,733.280029296875,733.2999877929688,733.0700073242188,733.1400146484375,58308
2026-05-12 17:14:00+00:00,733.2999877929688,733.3400268554688,733.2000122070312,733.2899780273438,81799
2026-05-12 17:15:00+00:00,733.4500122070312,733.47998046875,733.2899780273438,733.2899780273438,243258
2026-05-12 17:16:00+00:00,733.6099853515625,733.6500244140625,733.4299926757812,733.4299926757812,116910
2026-05-12 17:17:00+00:00,733.6500244140625,733.7750244140625,733.60498046875,733.6099853515625,113661
2026-05-12 17:18:00+00:00,733.8900146484375,733.9199829101562,733.6599731445312,733.6699829101562,88659
2026-05-12 17:19:00+00:00,734.0700073242188,734.0999755859375,733.8699951171875,733.8800048828125,113288
2026-05-12 17:20:00+00:00,734.2650146484375,734.4000244140625,734.0700073242188,734.0999755859375,169994
2026-05-12 17:21:00+00:00,734.3800048828125,734.4500122070312,734.239990234375,734.260009765625,113286
2026-05-12 17:22:00+00:00,734.3900146484375,734.4199829101562,734.27001953125,734.4000244140625,78849
2026-05-12 17:23:00+00:00,734.6799926757812,734.7094116210938,734.3800048828125,734.389892578125,132310
2026-05-12 17:24:00+00:00,734.5349731445312,735.010009765625,734.4600219726562,734.6699829101562,151416
2026-05-12 17:25:00+00:00,734.3900146484375,734.5599975585938,734.3400268554688,734.52001953125,120366
2026-05-12 17:26:00+00:00,734.4000244140625,734.4600219726562,734.3200073242188,734.4000244140625,94798
2026-05-12 17:27:00+00:00,734.239990234375,734.510009765625,734.22998046875,734.4000244140625,102724
2026-05-12 17:28:00+00:00,734.27001953125,734.3300170898438,734.0900268554688,734.239990234375,98519
2026-05-12 17:29:00+00:00,734.3499755859375,734.489990234375,734.2899780273438,734.2999877929688,83148
2026-05-12 17:30:00+00:00,734.4400024414062,734.47998046875,734.1300048828125,734.3400268554688,102756
2026-05-12 17:31:00+00:00,734.4000244140625,734.5399780273438,734.3200073242188,734.4450073242188,63198
2026-05-12 17:32:00+00:00,734.6300048828125,734.780029296875,734.3900146484375,734.4099731445312,100058
2026-05-12 17:33:00+00:00,734.75,734.7899780273438,734.6199951171875,734.6199951171875,76044
2026-05-12 17:34:00+00:00,734.9199829101562,734.9849853515625,734.760009765625,734.760009765625,89241
2026-05-12 17:35:00+00:00,734.510009765625,734.9400024414062,734.469970703125,734.9199829101562,105725
2026-05-12 17:36:00+00:00,734.469970703125,734.6599731445312,734.4600219726562,734.510009765625,54652
2026-05-12 17:37:00+00:00,734.2899780273438,734.5700073242188,734.27001953125,734.469970703125,79658
2026-05-12 17:38:00+00:00,734.3599853515625,734.3800048828125,734.219970703125,734.280029296875,77225
2026-05-12 17:39:00+00:00,734.630126953125,734.6890258789062,734.3400268554688,734.35498046875,74279
2026-05-12 17:40:00+00:00,734.739990234375,734.780029296875,734.610107421875,734.6300048828125,54786
2026-05-12 17:41:00+00:00,734.6849975585938,734.7869873046875,734.6849975585938,734.739990234375,59073
2026-05-12 17:42:00+00:00,734.6300048828125,734.7899780273438,734.5800170898438,734.6849975585938,89714
2026-05-12 17:43:00+00:00,734.8300170898438,734.8300170898438,734.6300048828125,734.6300048828125,59046
2026-05-12 17:44:00+00:00,734.7650146484375,734.9400024414062,734.75,734.8250122070312,87367
2026-05-12 17:45:00+00:00,734.739990234375,734.8900146484375,734.719970703125,734.77001953125,72542
2026-05-12 17:46:00+00:00,734.719970703125,734.8400268554688,734.6599731445312,734.75,70827
2026-05-12 17:47:00+00:00,734.6900024414062,734.75,734.6199951171875,734.719970703125,75455
2026-05-12 17:48:00+00:00,734.4598999023438,734.739990234375,734.4400024414062,734.6920776367188,83336
2026-05-12 17:49:00+00:00,734.6699829101562,734.6699829101562,734.4000244140625,734.4500122070312,89367
2026-05-12 17:50:00+00:00,734.5499877929688,734.739990234375,734.52001953125,734.6599731445312,64271
2026-05-12 17:51:00+00:00,734.719970703125,734.72998046875,734.47998046875,734.530029296875,45292
2026-05-12 17:52:00+00:00,734.8099975585938,734.8599853515625,734.6599731445312,734.7100219726562,54964
2026-05-12 17:53:00+00:00,734.9849853515625,735.0499877929688,734.8200073242188,734.8200073242188,84081
2026-05-12 17:54:00+00:00,735.1099853515625,735.1099853515625,734.9500122070312,734.97998046875,73754
2026-05-12 17:55:00+00:00,734.8200073242188,735.2000122070312,734.760009765625,735.1099853515625,142817
2026-05-12 17:56:00+00:00,734.7949829101562,734.9199829101562,734.72998046875,734.8300170898438,64833
2026-05-12 17:57:00+00:00,734.9099731445312,734.9199829101562,734.760009765625,734.7899780273438,181142
2026-05-12 17:58:00+00:00,734.8499755859375,734.9299926757812,734.8300170898438,734.9199829101562,174282
2026-05-12 17:59:00+00:00,735.0599975585938,735.1300048828125,734.8350219726562,734.8350219726562,70105
2026-05-12 18:00:00+00:00,735.080078125,735.22998046875,735.010009765625,735.0599975585938,123242
2026-05-12 18:01:00+00:00,735.219970703125,735.25,734.9901123046875,735.0900268554688,250063
2026-05-12 18:02:00+00:00,734.9199829101562,735.27001953125,734.72998046875,735.22998046875,173841
2026-05-12 18:03:00+00:00,735.1500244140625,735.239990234375,734.9099731445312,734.9099731445312,373283
2026-05-12 18:04:00+00:00,735.1699829101562,735.219970703125,735.030029296875,735.155029296875,133071
2026-05-12 18:05:00+00:00,735.0499877929688,735.2100219726562,734.989990234375,735.1900024414062,54444
2026-05-12 18:06:00+00:00,735.0,735.0900268554688,734.97998046875,735.0399780273438,38930
2026-05-12 18:07:00+00:00,734.8300170898438,735.0399780273438,734.75,735.0399780273438,82297
2026-05-12 18:08:00+00:00,734.9000244140625,734.9500122070312,734.780029296875,734.8200073242188,43021
2026-05-12 18:09:00+00:00,734.9400024414062,735.02001953125,734.8300170898438,734.8900146484375,54581
2026-05-12 18:10:00+00:00,734.9899291992188,735.14501953125,734.8699951171875,734.9400024414062,53834
2026-05-12 18:11:00+00:00,734.77001953125,735.010009765625,734.6932983398438,734.9849853515625,117809
2026-05-12 18:12:00+00:00,734.8150024414062,734.8499755859375,734.6599731445312,734.75,100731
2026-05-12 18:13:00+00:00,734.8400268554688,734.9349975585938,734.719970703125,734.8099975585938,54374
2026-05-12 18:14:00+00:00,735.0850219726562,735.1300048828125,734.8400268554688,734.8499755859375,188869
2026-05-12 18:15:00+00:00,735.27001953125,735.3300170898438,735.0850219726562,735.0850219726562,90187
2026-05-12 18:16:00+00:00,735.2899780273438,735.3499755859375,735.2000122070312,735.280029296875,62463
2026-05-12 18:17:00+00:00,735.2050170898438,735.3099975585938,735.1600952148438,735.2899780273438,50469
2026-05-12 18:18:00+00:00,735.0499877929688,735.239990234375,735.010009765625,735.219970703125,52382
2026-05-12 18:19:00+00:00,735.219970703125,735.280029296875,735.0399780273438,735.0499877929688,56096
2026-05-12 18:20:00+00:00,735.3200073242188,735.3800048828125,735.1799926757812,735.2098999023438,69406
2026-05-12 18:21:00+00:00,735.47998046875,735.5,735.2899780273438,735.3200073242188,75153
2026-05-12 18:22:00+00:00,735.5499877929688,735.594970703125,735.4400024414062,735.4849853515625,102552
2026-05-12 18:23:00+00:00,735.5922241210938,735.6300048828125,735.530029296875,735.5800170898438,95518
2026-05-12 18:24:00+00:00,735.77001953125,735.8300170898438,735.5499877929688,735.5900268554688,108714
2026-05-12 18:25:00+00:00,736.010009765625,736.1500244140625,735.780029296875,735.780029296875,120908
2026-05-12 18:26:00+00:00,736.2501220703125,736.3800048828125,736.0050048828125,736.010009765625,137491
2026-05-12 18:27:00+00:00,736.3599853515625,736.4000244140625,736.1699829101562,736.260009765625,85689
2026-05-12 18:28:00+00:00,736.3090209960938,736.47998046875,736.219970703125,736.3599853515625,101897
2026-05-12 18:29:00+00:00,736.1849975585938,736.3400268554688,735.989990234375,736.2899780273438,114606
2026-05-12 18:30:00+00:00,736.3228759765625,736.3400268554688,736.0999755859375,736.1900024414062,126525
2026-05-12 18:31:00+00:00,736.27001953125,736.469970703125,736.2100219726562,736.3400268554688,53307
2026-05-12 18:32:00+00:00,736.219970703125,736.3499755859375,736.219970703125,736.280029296875,70867
2026-05-12 18:33:00+00:00,736.2000122070312,736.3400268554688,736.1699829101562,736.25,50438
2026-05-12 18:34:00+00:00,736.1199951171875,736.2100219726562,736.0700073242188,736.2100219726562,65859
2026-05-12 18:35:00+00:00,736.0499877929688,736.1199951171875,735.8800048828125,736.1199951171875,103786
2026-05-12 18:36:00+00:00,736.2999877929688,736.3200073242188,736.0800170898438,736.0900268554688,78910
2026-05-12 18:37:00+00:00,736.25,736.4199829101562,736.239990234375,736.2899780273438,52775
2026-05-12 18:38:00+00:00,736.3400268554688,736.3699951171875,736.2100219726562,736.25,53731
2026-05-12 18:39:00+00:00,736.0900268554688,736.3900146484375,736.0599975585938,736.3300170898438,73489
2026-05-12 18:40:00+00:00,736.1950073242188,736.260009765625,736.0599975585938,736.0999755859375,46159
2026-05-12 18:41:00+00:00,736.27001953125,736.2899780273438,736.0999755859375,736.190673828125,52542
2026-05-12 18:42:00+00:00,736.3300170898438,736.3699951171875,736.260009765625,736.260009765625,46297
2026-05-12 18:43:00+00:00,736.239990234375,736.3400268554688,736.1900024414062,736.3099975585938,58191
2026-05-12 18:44:00+00:00,736.22998046875,736.3200073242188,736.1900024414062,736.22998046875,178259
2026-05-12 18:45:00+00:00,735.9500122070312,736.2999877929688,735.9500122070312,736.260009765625,109779
2026-05-12 18:46:00+00:00,735.8499755859375,735.969970703125,735.77001953125,735.9500122070312,69085
2026-05-12 18:47:00+00:00,735.9301147460938,735.97998046875,735.77001953125,735.8599853515625,59940
2026-05-12 18:48:00+00:00,735.97998046875,736.030029296875,735.8300170898438,735.9498901367188,55783
2026-05-12 18:49:00+00:00,736.0750122070312,736.0900268554688,735.9400024414062,735.969970703125,64473
2026-05-12 18:50:00+00:00,735.9600219726562,736.0900268554688,735.9299926757812,736.0750122070312,34972
2026-05-12 18:51:00+00:00,736.0800170898438,736.1199951171875,735.969970703125,735.969970703125,38287
2026-05-12 18:52:00+00:00,736.139892578125,736.1799926757812,736.02001953125,736.0599975585938,56512
2026-05-12 18:53:00+00:00,736.3200073242188,736.3699951171875,736.1400146484375,736.1400146484375,49277
2026-05-12 18:54:00+00:00,736.2000122070312,736.3800048828125,736.1900024414062,736.3099975585938,57558
2026-05-12 18:55:00+00:00,736.4000244140625,736.4000244140625,736.1799926757812,736.1900024414062,58292
2026-05-12 18:56:00+00:00,736.4600219726562,736.47998046875,736.3599853515625,736.3905029296875,78916
2026-05-12 18:57:00+00:00,736.280029296875,736.5700073242188,736.2100219726562,736.4600219726562,132826
2026-05-12 18:58:00+00:00,736.0999755859375,736.3699951171875,736.0999755859375,736.280029296875,100994
2026-05-12 18:59:00+00:00,736.0,736.1599731445312,735.9500122070312,736.1099853515625,97100
2026-05-12 19:00:00+00:00,736.2000122070312,736.25,735.989990234375,736.02001953125,55064
2026-05-12 19:01:00+00:00,736.2899780273438,736.2899780273438,736.2000122070312,736.219970703125,63919
2026-05-12 19:02:00+00:00,736.2050170898438,736.3300170898438,736.1699829101562,736.2899780273438,47680
2026-05-12 19:03:00+00:00,736.2199096679688,736.260009765625,736.169677734375,736.2050170898438,58170
2026-05-12 19:04:00+00:00,736.260009765625,736.260009765625,736.1799926757812,736.219970703125,58866
2026-05-12 19:05:00+00:00,736.1799926757812,736.2899780273438,736.1699829101562,736.25,65339
2026-05-12 19:06:00+00:00,736.260009765625,736.260009765625,736.0900268554688,736.1799926757812,63444
2026-05-12 19:07:00+00:00,736.4249877929688,736.52001953125,736.25,736.260009765625,209460
2026-05-12 19:08:00+00:00,736.5449829101562,736.5599975585938,736.3599853515625,736.4199829101562,77101
2026-05-12 19:09:00+00:00,736.47998046875,736.6300048828125,736.3800048828125,736.5499877929688,129732
2026-05-12 19:10:00+00:00,736.5499877929688,736.6099853515625,736.4650268554688,736.469970703125,69175
2026-05-12 19:11:00+00:00,736.72998046875,736.77001953125,736.5399780273438,736.5399780273438,72425
2026-05-12 19:12:00+00:00,736.9099731445312,736.9199829101562,736.7100219726562,736.719970703125,114861
2026-05-12 19:13:00+00:00,737.1400146484375,737.1500244140625,736.9099731445312,736.9199829101562,103326
2026-05-12 19:14:00+00:00,737.1199951171875,737.3200073242188,737.0800170898438,737.1500244140625,109797
2026-05-12 19:15:00+00:00,737.3099975585938,737.4199829101562,737.1199951171875,737.1199951171875,92018
2026-05-12 19:16:00+00:00,737.0499877929688,737.3099975585938,737.0499877929688,737.3099975585938,98459
2026-05-12 19:17:00+00:00,737.1599731445312,737.1699829101562,737.0128173828125,737.0499877929688,73800
2026-05-12 19:18:00+00:00,737.030029296875,737.1699829101562,736.9600219726562,737.1699829101562,91601
2026-05-12 19:19:00+00:00,736.97998046875,737.1199951171875,736.9400024414062,737.02001953125,67543
2026-05-12 19:20:00+00:00,736.7899780273438,737.0499877929688,736.780029296875,737.02001953125,96653
2026-05-12 19:21:00+00:00,736.6799926757812,736.8599853515625,736.625,736.7899780273438,90950
2026-05-12 19:22:00+00:00,736.5800170898438,736.760009765625,736.530029296875,736.6500244140625,77714
2026-05-12 19:23:00+00:00,736.6699829101562,736.7000122070312,736.5499877929688,736.5700073242188,49532
2026-05-12 19:24:00+00:00,736.9799194335938,737.010009765625,736.6400146484375,736.6699829101562,78035
2026-05-12 19:25:00+00:00,737.02001953125,737.0599975585938,736.9199829101562,736.969970703125,67292
2026-05-12 19:26:00+00:00,737.0,737.0449829101562,736.9500122070312,737.010009765625,60471
2026-05-12 19:27:00+00:00,737.010009765625,737.1099853515625,736.97998046875,736.9949951171875,68777
2026-05-12 19:28:00+00:00,737.0900268554688,737.0999755859375,737.010009765625,737.010009765625,71197
2026-05-12 19:29:00+00:00,737.0800170898438,737.1300048828125,736.97998046875,737.0900268554688,85516
2026-05-12 19:30:00+00:00,737.3699951171875,737.3900146484375,737.0700073242188,737.0800170898438,119883
2026-05-12 19:31:00+00:00,737.4000244140625,737.5,737.3099975585938,737.3599853515625,71542
2026-05-12 19:32:00+00:00,737.6110229492188,737.6400146484375,737.3800048828125,737.4199829101562,235789
2026-05-12 19:33:00+00:00,737.739990234375,737.760009765625,737.5800170898438,737.6400146484375,126089
2026-05-12 19:34:00+00:00,737.8800048828125,738.0499877929688,737.719970703125,737.7349853515625,126896
2026-05-12 19:35:00+00:00,737.735595703125,737.9199829101562,737.72998046875,737.8900146484375,152133
2026-05-12 19:36:00+00:00,737.780029296875,737.8099975585938,737.6799926757812,737.75,108115
2026-05-12 19:37:00+00:00,737.7899780273438,737.8400268554688,737.6900024414062,737.77001953125,79434
2026-05-12 19:38:00+00:00,737.7100219726562,737.8300170898438,737.6900024414062,737.7899780273438,85017
2026-05-12 19:39:00+00:00,737.7899780273438,737.8400268554688,737.7000122070312,737.7050170898438,102820
2026-05-12 19:40:00+00:00,737.6599731445312,737.7899780273438,737.6500244140625,737.7899780273438,115869
2026-05-12 19:41:00+00:00,737.6950073242188,737.75,737.6500244140625,737.6699829101562,255171
2026-05-12 19:42:00+00:00,737.8699951171875,737.9099731445312,737.5999755859375,737.7000122070312,122439
2026-05-12 19:43:00+00:00,737.8800048828125,737.969970703125,737.8300170898438,737.8800048828125,130234
2026-05-12 19:44:00+00:00,737.9600830078125,738.0700073242188,737.8800048828125,737.8800048828125,188156
2026-05-12 19:45:00+00:00,737.77001953125,738.0,737.739990234375,737.9600219726562,141725
2026-05-12 19:46:00+00:00,737.77001953125,737.8400268554688,737.75,737.77001953125,186219
2026-05-12 19:47:00+00:00,738.0399780273438,738.0800170898438,737.7550048828125,737.7650146484375,123041
2026-05-12 19:48:00+00:00,738.0800170898438,738.1799926757812,738.030029296875,738.030029296875,125376
2026-05-12 19:49:00+00:00,738.0499877929688,738.1300048828125,737.9299926757812,738.0800170898438,141162
2026-05-12 19:50:00+00:00,738.3200073242188,738.4099731445312,738.0499877929688,738.0499877929688,346295
2026-05-12 19:51:00+00:00,738.47998046875,738.5700073242188,738.280029296875,738.3400268554688,261587
2026-05-12 19:52:00+00:00,738.530029296875,738.5399780273438,738.1900024414062,738.489990234375,355017
2026-05-12 19:53:00+00:00,738.8200073242188,738.8400268554688,738.4600219726562,738.510009765625,290419
2026-05-12 19:54:00+00:00,738.3400268554688,738.8200073242188,738.2650146484375,738.8200073242188,412427
2026-05-12 19:55:00+00:00,738.3599853515625,738.5599975585938,738.239990234375,738.3400268554688,719536
2026-05-12 19:56:00+00:00,738.3800048828125,738.4400024414062,738.280029296875,738.3499755859375,552055
2026-05-12 19:57:00+00:00,738.260009765625,738.375,738.1500244140625,738.3699951171875,312419
2026-05-12 19:58:00+00:00,738.280029296875,738.47998046875,738.1900024414062,738.260009765625,792202
2026-05-12 19:59:00+00:00,738.2000122070312,738.3599853515625,737.8499755859375,738.27001953125,1343915
2026-05-13 13:30:00+00:00,737.8800048828125,738.469970703125,737.7000122070312,738.469970703125,1797005
2026-05-13 13:31:00+00:00,737.3800048828125,737.8699951171875,737.2999877929688,737.8599853515625,165384
2026-05-13 13:32:00+00:00,737.25,737.5800170898438,737.25,737.344970703125,138055
2026-05-13 13:33:00+00:00,737.6300048828125,737.6500244140625,737.239990234375,737.2449951171875,112138
2026-05-13 13:34:00+00:00,737.6187744140625,737.6900024414062,737.47998046875,737.6400146484375,129298
2026-05-13 13:35:00+00:00,737.1599731445312,737.6290893554688,737.1500244140625,737.5800170898438,126657
2026-05-13 13:36:00+00:00,736.8499755859375,737.1900024414062,736.8499755859375,737.1400146484375,111843
2026-05-13 13:37:00+00:00,736.739990234375,737.0800170898438,736.739990234375,736.8800048828125,88629
2026-05-13 13:38:00+00:00,736.875,737.0,736.6699829101562,736.7550048828125,121041
2026-05-13 13:39:00+00:00,736.7899780273438,737.02001953125,736.7200927734375,736.8699951171875,112327
2026-05-13 13:40:00+00:00,736.8499755859375,736.9199829101562,736.5401000976562,736.7899780273438,120592
2026-05-13 13:41:00+00:00,737.1199951171875,737.219970703125,736.8499755859375,736.8699951171875,93703
2026-05-13 13:42:00+00:00,737.1699829101562,737.469970703125,736.9149780273438,737.1500244140625,178695
2026-05-13 13:43:00+00:00,736.989990234375,737.280029296875,736.9000854492188,737.1300048828125,93942
2026-05-13 13:44:00+00:00,736.8800048828125,737.0850219726562,736.8099975585938,737.0,119274
2026-05-13 13:45:00+00:00,736.5499877929688,736.8900146484375,736.489990234375,736.8900146484375,181488
2026-05-13 13:46:00+00:00,736.340087890625,736.6500244140625,736.1799926757812,736.5499877929688,199108
2026-05-13 13:47:00+00:00,735.9298706054688,736.3400268554688,735.9199829101562,736.3400268554688,160784
2026-05-13 13:48:00+00:00,735.6500244140625,736.030029296875,735.469970703125,735.9099731445312,165360
2026-05-13 13:49:00+00:00,736.340087890625,736.4400024414062,735.6699829101562,735.6799926757812,200842
2026-05-13 13:50:00+00:00,736.1300048828125,736.5399780273438,735.9749755859375,736.3300170898438,82211
2026-05-13 13:51:00+00:00,736.364990234375,736.6599731445312,736.0900268554688,736.1199951171875,82312
2026-05-13 13:52:00+00:00,736.6599731445312,736.6599731445312,736.3099975585938,736.3499755859375,73998
2026-05-13 13:53:00+00:00,736.6900024414062,736.7000122070312,736.3800048828125,736.669921875,46937
2026-05-13 13:54:00+00:00,736.969970703125,736.9949951171875,736.5499877929688,736.719970703125,97353
2026-05-13 13:55:00+00:00,736.8200073242188,737.1699829101562,736.8200073242188,737.0,124267
2026-05-13 13:56:00+00:00,736.5800170898438,736.8499755859375,736.4500122070312,736.8275146484375,54673
2026-05-13 13:57:00+00:00,736.7301025390625,736.9199829101562,736.52001953125,736.530029296875,73779
2026-05-13 13:58:00+00:00,736.8699951171875,736.9299926757812,736.6599731445312,736.739990234375,47554
2026-05-13 13:59:00+00:00,736.9000244140625,737.25,736.8140258789062,736.8800048828125,81995
2026-05-13 14:00:00+00:00,736.9500122070312,737.1799926757812,736.9000244140625,736.9099731445312,103300
2026-05-13 14:01:00+00:00,737.2098999023438,737.219970703125,736.791015625,736.9349975585938,70333
2026-05-13 14:02:00+00:00,737.1812133789062,737.3599853515625,737.0900268554688,737.25,115870
2026-05-13 14:03:00+00:00,737.2600708007812,737.3499755859375,737.0800170898438,737.1699829101562,82778
2026-05-13 14:04:00+00:00,737.1950073242188,737.4199829101562,736.9199829101562,737.27001953125,71603
2026-05-13 14:05:00+00:00,737.3200073242188,737.4349975585938,737.0999755859375,737.1900024414062,85916
2026-05-13 14:06:00+00:00,737.3049926757812,737.3748168945312,737.22998046875,737.3489990234375,51547
2026-05-13 14:07:00+00:00,737.2999877929688,737.5,737.0850219726562,737.3200073242188,84615
2026-05-13 14:08:00+00:00,737.1987915039062,737.3300170898438,737.0700073242188,737.2999877929688,39400
2026-05-13 14:09:00+00:00,737.114990234375,737.2899780273438,737.0100708007812,737.2094116210938,61127
2026-05-13 14:10:00+00:00,737.219970703125,737.489990234375,737.0800170898438,737.1099853515625,93175
2026-05-13 14:11:00+00:00,736.989990234375,737.27001953125,736.9608764648438,737.219970703125,54969
2026-05-13 14:12:00+00:00,737.1900024414062,737.280029296875,736.969970703125,736.989990234375,39529
2026-05-13 14:13:00+00:00,737.52001953125,737.6599731445312,737.198974609375,737.198974609375,80736
2026-05-13 14:14:00+00:00,737.5800170898438,737.619873046875,737.489990234375,737.5499877929688,47519
2026-05-13 14:15:00+00:00,737.6400146484375,737.6900024414062,737.4199829101562,737.5800170898438,72958
2026-05-13 14:16:00+00:00,737.5750122070312,737.760009765625,737.4299926757812,737.6599731445312,73375
2026-05-13 14:17:00+00:00,737.4000244140625,737.6895141601562,737.3699951171875,737.5800170898438,48611
2026-05-13 14:18:00+00:00,737.1649780273438,737.4298706054688,737.1649780273438,737.3800048828125,46008
2026-05-13 14:19:00+00:00,737.3079223632812,737.340087890625,737.1699829101562,737.1699829101562,41784
2026-05-13 14:20:00+00:00,737.5700073242188,737.5999755859375,737.2349853515625,737.3099975585938,63095
2026-05-13 14:21:00+00:00,737.7899780273438,737.8499755859375,737.5850219726562,737.5900268554688,75522
2026-05-13 14:22:00+00:00,738.0625,738.0999755859375,737.7650146484375,737.7899780273438,75823
2026-05-13 14:23:00+00:00,738.2100219726562,738.239990234375,738.0300903320312,738.0800170898438,128670
2026-05-13 14:24:00+00:00,738.4022827148438,738.5,738.2100219726562,738.2100219726562,257419
2026-05-13 14:25:00+00:00,738.4299926757812,738.75,738.3900146484375,738.4299926757812,116157
2026-05-13 14:26:00+00:00,738.3499755859375,738.5750122070312,738.3499755859375,738.4400024414062,52190
2026-05-13 14:27:00+00:00,738.2449951171875,738.4500122070312,738.239990234375,738.3499755859375,59913
2026-05-13 14:28:00+00:00,738.5,738.5700073242188,738.219970703125,738.239990234375,47695
2026-05-13 14:29:00+00:00,738.3049926757812,738.5479736328125,738.280029296875,738.5202026367188,34279
2026-05-13 14:30:00+00:00,738.4000244140625,738.5098876953125,738.25,738.2999877929688,117687
2026-05-13 14:31:00+00:00,738.2000122070312,738.530029296875,738.2000122070312,738.4000244140625,53951
2026-05-13 14:32:00+00:00,738.3200073242188,738.3599853515625,738.1099853515625,738.2050170898438,86580
2026-05-13 14:33:00+00:00,738.4099731445312,738.4799194335938,738.2899780273438,738.3200073242188,54748
2026-05-13 14:34:00+00:00,738.6500244140625,738.719970703125,738.469970703125,738.4849853515625,137286
2026-05-13 14:35:00+00:00,738.6300048828125,738.7100219726562,738.530029296875,738.6605224609375,113732
2026-05-13 14:36:00+00:00,738.5,738.6900024414062,738.4400024414062,738.6300048828125,149946
2026-05-13 14:37:00+00:00,738.2999877929688,738.5050048828125,738.2999877929688,738.47998046875,86078
2026-05-13 14:38:00+00:00,738.1199951171875,738.3400268554688,738.0399780273438,738.3300170898438,70789
2026-05-13 14:39:00+00:00,737.9600219726562,738.1099853515625,737.77001953125,738.1099853515625,158225
2026-05-13 14:40:00+00:00,737.9500122070312,738.05712890625,737.77001953125,737.969970703125,44415
2026-05-13 14:41:00+00:00,738.1500244140625,738.2000122070312,737.8699951171875,737.969970703125,58524
2026-05-13 14:42:00+00:00,738.4099731445312,738.4299926757812,738.0599975585938,738.1849975585938,52325
2026-05-13 14:43:00+00:00,738.4600219726562,738.5499877929688,738.3200073242188,738.4099731445312,59081
2026-05-13 14:44:00+00:00,738.4000244140625,738.530029296875,738.2899780273438,738.4600219726562,41941
2026-05-13 14:45:00+00:00,738.3300170898438,738.510009765625,738.1099853515625,738.4299926757812,134004
2026-05-13 14:46:00+00:00,738.155029296875,738.3800048828125,738.0800170898438,738.3300170898438,25496
2026-05-13 14:47:00+00:00,738.3699951171875,738.3800048828125,738.0900268554688,738.1199951171875,145042
2026-05-13 14:48:00+00:00,738.3699951171875,738.4600219726562,738.280029296875,738.4099731445312,28711
2026-05-13 14:49:00+00:00,738.47998046875,738.5499877929688,738.3900146484375,738.4099731445312,33490
2026-05-13 14:50:00+00:00,738.52001953125,738.530029296875,738.3900146484375,738.47998046875,45009
2026-05-13 14:51:00+00:00,738.530029296875,738.5399780273438,738.3699951171875,738.530029296875,32166
2026-05-13 14:52:00+00:00,738.655029296875,738.739990234375,738.5396118164062,738.5399780273438,172774
2026-05-13 14:53:00+00:00,738.8300170898438,738.8599853515625,738.6599731445312,738.6599731445312,51946
2026-05-13 14:54:00+00:00,738.8900146484375,738.97998046875,738.8350219726562,738.8400268554688,82144
2026-05-13 14:55:00+00:00,738.9400024414062,738.989990234375,738.8300170898438,738.9000244140625,89683
2026-05-13 14:56:00+00:00,738.77001953125,738.989990234375,738.77001953125,738.9299926757812,209765
2026-05-13 14:57:00+00:00,738.7000732421875,738.8900146484375,738.7000122070312,738.780029296875,102077
2026-05-13 14:58:00+00:00,738.8400268554688,738.8400268554688,738.6500244140625,738.7249755859375,85741
2026-05-13 14:59:00+00:00,738.8300170898438,738.8499755859375,738.7100219726562,738.8400268554688,87472
2026-05-13 15:00:00+00:00,739.094970703125,739.0999755859375,738.8099975585938,738.8400268554688,118746
2026-05-13 15:01:00+00:00,739.1099853515625,739.219970703125,739.0599975585938,739.0999755859375,104426
2026-05-13 15:02:00+00:00,739.2349853515625,739.239990234375,739.040283203125,739.0900268554688,60495
2026-05-13 15:03:00+00:00,739.2650146484375,739.2990112304688,739.1599731445312,739.2349853515625,59309
2026-05-13 15:04:00+00:00,739.1699829101562,739.3499755859375,739.1699829101562,739.2650146484375,205498
2026-05-13 15:05:00+00:00,738.97998046875,739.2000122070312,738.9600219726562,739.1849975585938,89520
2026-05-13 15:06:00+00:00,739.0800170898438,739.1199951171875,738.9600219726562,738.97998046875,76176
2026-05-13 15:07:00+00:00,738.9299926757812,739.1300048828125,738.9201049804688,739.0899047851562,42038
2026-05-13 15:08:00+00:00,738.9650268554688,738.97998046875,738.8300170898438,738.9400024414062,72432
2026-05-13 15:09:00+00:00,739.114990234375,739.1699829101562,738.9500122070312,738.9500122070312,44398
2026-05-13 15:10:00+00:00,739.0999755859375,739.2100219726562,739.0800170898438,739.1500244140625,35422
2026-05-13 15:11:00+00:00,738.8400268554688,739.1199951171875,738.8400268554688,739.0900268554688,48930
2026-05-13 15:12:00+00:00,738.7849731445312,738.9099731445312,738.75,738.8598022460938,72275
2026-05-13 15:13:00+00:00,738.9099731445312,738.9199829101562,738.6900024414062,738.7899780273438,54836
2026-05-13 15:14:00+00:00,738.9400024414062,738.989990234375,738.8599853515625,738.9099731445312,36001
2026-05-13 15:15:00+00:00,739.1400146484375,739.1599731445312,738.9249877929688,738.9758911132812,59953
2026-05-13 15:16:00+00:00,739.260009765625,739.27001953125,739.0999755859375,739.1400146484375,65062
2026-05-13 15:17:00+00:00,739.252685546875,739.2750244140625,739.1500244140625,739.260009765625,43769
2026-05-13 15:18:00+00:00,739.260009765625,739.2899780273438,739.2050170898438,739.2550048828125,49904
2026-05-13 15:19:00+00:00,739.27001953125,739.280029296875,739.1199951171875,739.27001953125,56921
2026-05-13 15:20:00+00:00,739.3400268554688,739.3699951171875,739.2000122070312,739.280029296875,40904
2026-05-13 15:21:00+00:00,739.3200073242188,739.3800048828125,739.280029296875,739.3599853515625,28746
2026-05-13 15:22:00+00:00,739.3300170898438,739.3599853515625,739.280029296875,739.3200073242188,42412
2026-05-13 15:23:00+00:00,739.22998046875,739.3499755859375,739.1900024414062,739.3200073242188,180943
2026-05-13 15:24:00+00:00,739.219970703125,739.2899780273438,739.1099853515625,739.280029296875,47044
2026-05-13 15:25:00+00:00,738.97998046875,739.239990234375,738.9749755859375,739.2150268554688,32981
2026-05-13 15:26:00+00:00,739.1699829101562,739.2100219726562,738.97998046875,738.989990234375,102738
2026-05-13 15:27:00+00:00,739.030029296875,739.1900024414062,738.9249877929688,739.1900024414062,60879
2026-05-13 15:28:00+00:00,739.3049926757812,739.3049926757812,739.0399780273438,739.0399780273438,51930
2026-05-13 15:29:00+00:00,739.2899780273438,739.3300170898438,739.239990234375,739.3099975585938,40536
2026-05-13 15:30:00+00:00,739.119873046875,739.3300170898438,738.9400024414062,739.27001953125,69562
2026-05-13 15:31:00+00:00,739.3400268554688,739.3499755859375,739.1300048828125,739.1300048828125,44762
2026-05-13 15:32:00+00:00,739.4600219726562,739.5599975585938,739.2999877929688,739.3200073242188,53468
2026-05-13 15:33:00+00:00,739.530029296875,739.5800170898438,739.3800048828125,739.4600219726562,33309
2026-05-13 15:34:00+00:00,739.5900268554688,739.6199951171875,739.47998046875,739.52001953125,56524
2026-05-13 15:35:00+00:00,739.6300048828125,739.6400146484375,739.52001953125,739.5900268554688,81719
2026-05-13 15:36:00+00:00,739.7349853515625,739.7899780273438,739.6300048828125,739.6400146484375,42802
2026-05-13 15:37:00+00:00,739.7899780273438,739.8099975585938,739.724609375,739.72998046875,46115
2026-05-13 15:38:00+00:00,739.6599731445312,739.8200073242188,739.6500244140625,739.7899780273438,120880
2026-05-13 15:39:00+00:00,739.7899780273438,739.8300170898438,739.6300048828125,739.6599731445312,53478
2026-05-13 15:40:00+00:00,739.8350219726562,739.9099731445312,739.7899780273438,739.7899780273438,55462
2026-05-13 15:41:00+00:00,739.97998046875,740.0,739.8400268554688,739.8499755859375,137309
2026-05-13 15:42:00+00:00,740.010009765625,740.1199951171875,739.97998046875,739.97998046875,132539
2026-05-13 15:43:00+00:00,740.2150268554688,740.239990234375,740.0250244140625,740.0250244140625,93822
2026-05-13 15:44:00+00:00,740.1063842773438,740.280029296875,740.0701293945312,740.2150268554688,105797
2026-05-13 15:45:00+00:00,739.9000244140625,740.1300048828125,739.8800048828125,740.1199951171875,61834
2026-05-13 15:46:00+00:00,739.989990234375,740.0399780273438,739.89501953125,739.89501953125,69120
2026-05-13 15:47:00+00:00,740.0,740.1199951171875,739.97998046875,739.97998046875,32219
2026-05-13 15:48:00+00:00,739.9260864257812,740.0399780273438,739.8900146484375,740.0,37480
2026-05-13 15:49:00+00:00,739.8900146484375,739.9500122070312,739.8499755859375,739.9249877929688,47597
2026-05-13 15:50:00+00:00,739.760009765625,739.9000244140625,739.7100219726562,739.8699951171875,125096
2026-05-13 15:51:00+00:00,739.5800170898438,739.8400268554688,739.5700073242188,739.75,50652
2026-05-13 15:52:00+00:00,739.8400268554688,739.8400268554688,739.5399780273438,739.5900268554688,43604
2026-05-13 15:53:00+00:00,739.8599853515625,739.8900146484375,739.77001953125,739.8300170898438,35282
2026-05-13 15:54:00+00:00,739.9400024414062,740.02001953125,739.8900146484375,739.9000244140625,162590
2026-05-13 15:55:00+00:00,739.6099853515625,739.969970703125,739.6099853515625,739.9500122070312,72579
2026-05-13 15:56:00+00:00,739.72998046875,739.739990234375,739.5399780273438,739.6199951171875,97103
2026-05-13 15:57:00+00:00,739.610107421875,739.760009765625,739.6099853515625,739.7150268554688,36708
2026-05-13 15:58:00+00:00,739.7899780273438,739.7899780273438,739.5399780273438,739.6099853515625,44047
2026-05-13 15:59:00+00:00,739.739990234375,739.7899780273438,739.6500244140625,739.7899780273438,46007
2026-05-13 16:00:00+00:00,739.8599853515625,739.8800048828125,739.530029296875,739.72998046875,60339
2026-05-13 16:01:00+00:00,739.9299926757812,739.9450073242188,739.8400268554688,739.8800048828125,44865
2026-05-13 16:02:00+00:00,740.081298828125,740.0999755859375,739.9100952148438,739.9400024414062,73595
2026-05-13 16:03:00+00:00,740.0599975585938,740.1900024414062,739.989990234375,740.0900268554688,45678
2026-05-13 16:04:00+00:00,740.1799926757812,740.1900024414062,740.0399780273438,740.0499877929688,32233
2026-05-13 16:05:00+00:00,740.0999755859375,740.1849975585938,740.0700073242188,740.1799926757812,32904
2026-05-13 16:06:00+00:00,740.1300048828125,740.1900024414062,739.9500122070312,740.0900268554688,47536
2026-05-13 16:07:00+00:00,740.3200073242188,740.3200073242188,740.1199951171875,740.1300048828125,69483
2026-05-13 16:08:00+00:00,740.3099975585938,740.3200073242188,740.2000122070312,740.3099975585938,47357
2026-05-13 16:09:00+00:00,740.3300170898438,740.3400268554688,740.260009765625,740.3049926757812,74218
2026-05-13 16:10:00+00:00,740.3300170898438,740.3400268554688,740.260009765625,740.3300170898438,61133
2026-05-13 16:11:00+00:00,740.39501953125,740.4400024414062,740.2899780273438,740.3300170898438,86850
2026-05-13 16:12:00+00:00,740.5399780273438,740.5900268554688,740.4091186523438,740.4099731445312,61852
2026-05-13 16:13:00+00:00,740.5499877929688,740.7000122070312,740.530029296875,740.530029296875,94283
2026-05-13 16:14:00+00:00,740.6500244140625,740.6799926757812,740.52001953125,740.5493774414062,38111
2026-05-13 16:15:00+00:00,740.6900024414062,740.8599243164062,740.6500244140625,740.6599731445312,66680
2026-05-13 16:16:00+00:00,740.510009765625,740.719970703125,740.489990234375,740.6799926757812,127039
2026-05-13 16:17:00+00:00,740.719970703125,740.72998046875,740.510009765625,740.52001953125,81552
2026-05-13 16:18:00+00:00,740.6400146484375,740.739990234375,740.5650024414062,740.7100219726562,45513
2026-05-13 16:19:00+00:00,740.7100219726562,740.719970703125,740.5999755859375,740.6400146484375,37211
2026-05-13 16:20:00+00:00,740.719970703125,740.780029296875,740.6500244140625,740.7000122070312,45656
2026-05-13 16:21:00+00:00,740.7750244140625,740.8499755859375,740.7000122070312,740.719970703125,44737
2026-05-13 16:22:00+00:00,740.9299926757812,740.9299926757812,740.77001953125,740.7999877929688,39547
2026-05-13 16:23:00+00:00,741.1799926757812,741.2999877929688,740.9000244140625,740.9199829101562,206642
2026-05-13 16:24:00+00:00,741.655029296875,741.8699951171875,741.1799926757812,741.1799926757812,200106
2026-05-13 16:25:00+00:00,741.5250244140625,741.8300170898438,741.4600219726562,741.6500244140625,79544
2026-05-13 16:26:00+00:00,741.4293212890625,741.7000122070312,741.4199829101562,741.510009765625,67009
2026-05-13 16:27:00+00:00,741.761474609375,741.77001953125,741.2899780273438,741.4299926757812,109572
2026-05-13 16:28:00+00:00,741.9299926757812,741.9299926757812,741.760009765625,741.760009765625,54951
2026-05-13 16:29:00+00:00,741.7249755859375,741.97998046875,741.7050170898438,741.9199829101562,66312
2026-05-13 16:30:00+00:00,741.7310180664062,741.8300170898438,741.6500244140625,741.72998046875,128189
2026-05-13 16:31:00+00:00,741.6452026367188,741.7899780273438,741.3699951171875,741.75,150547
2026-05-13 16:32:00+00:00,741.7999877929688,741.8209838867188,741.669921875,741.669921875,62719
2026-05-13 16:33:00+00:00,741.780029296875,741.8599853515625,741.7550048828125,741.7999877929688,64153
2026-05-13 16:34:00+00:00,741.7249755859375,741.8159790039062,741.6201171875,741.780029296875,80538
2026-05-13 16:35:00+00:00,741.719970703125,741.8499755859375,741.6950073242188,741.739990234375,95385
2026-05-13 16:36:00+00:00,741.719970703125,741.7550048828125,741.5999755859375,741.7000122070312,85099
2026-05-13 16:37:00+00:00,741.7000122070312,741.7899780273438,741.6900024414062,741.72998046875,77507
2026-05-13 16:38:00+00:00,741.8300170898438,741.8300170898438,741.7000122070312,741.7050170898438,23273
2026-05-13 16:39:00+00:00,741.7100219726562,741.8699951171875,741.7100219726562,741.8200073242188,61216
2026-05-13 16:40:00+00:00,741.8099975585938,741.8200073242188,741.7050170898438,741.7050170898438,42473
2026-05-13 16:41:00+00:00,741.7899780273438,741.8200073242188,741.7548828125,741.8049926757812,45276
2026-05-13 16:42:00+00:00,741.780029296875,741.8300170898438,741.77001953125,741.7849731445312,27418
2026-05-13 16:43:00+00:00,741.8300170898438,741.8300170898438,741.77001953125,741.780029296875,38763
2026-05-13 16:44:00+00:00,741.6199951171875,741.8399047851562,741.5999755859375,741.8200073242188,85759
2026-05-13 16:45:00+00:00,741.7550048828125,741.77001953125,741.614990234375,741.6199951171875,63231
2026-05-13 16:46:00+00:00,741.4949951171875,741.760009765625,741.47998046875,741.760009765625,83604
2026-05-13 16:47:00+00:00,741.6300048828125,741.6599731445312,741.4400024414062,741.47998046875,71603
2026-05-13 16:48:00+00:00,741.7100219726562,741.72998046875,741.6300048828125,741.6300048828125,44491
2026-05-13 16:49:00+00:00,741.5599975585938,741.72998046875,741.510009765625,741.7098999023438,53723
2026-05-13 16:50:00+00:00,741.5999755859375,741.6300048828125,741.5399780273438,741.5700073242188,45924
2026-05-13 16:51:00+00:00,741.6500244140625,741.6599731445312,741.510009765625,741.5814819335938,38019
2026-05-13 16:52:00+00:00,741.614990234375,741.7000122070312,741.5700073242188,741.6799926757812,73197
2026-05-13 16:53:00+00:00,741.760009765625,741.8200073242188,741.6099853515625,741.6199951171875,73768
2026-05-13 16:54:00+00:00,741.8499755859375,741.8499755859375,741.7349853515625,741.760009765625,160221
2026-05-13 16:55:00+00:00,742.0980224609375,742.1300048828125,741.8499755859375,741.85498046875,104057
2026-05-13 16:56:00+00:00,742.02001953125,742.1500244140625,741.989990234375,742.0999755859375,62484
2026-05-13 16:57:00+00:00,742.2510986328125,742.2999877929688,741.989990234375,742.0,65660
2026-05-13 16:58:00+00:00,742.1300048828125,742.27001953125,742.0999755859375,742.239990234375,39962
2026-05-13 16:59:00+00:00,742.0399780273438,742.1599731445312,741.9299926757812,742.1500244140625,47938
2026-05-13 17:00:00+00:00,742.3499755859375,742.3499755859375,742.0700073242188,742.0700073242188,62417
2026-05-13 17:01:00+00:00,742.52001953125,742.5499877929688,742.27001953125,742.3499755859375,76876
2026-05-13 17:02:00+00:00,742.4000244140625,742.5499877929688,742.4000244140625,742.5399780273438,71752
2026-05-13 17:03:00+00:00,742.5123901367188,742.52001953125,742.3800048828125,742.405029296875,50540
2026-05-13 17:04:00+00:00,742.4099731445312,742.52001953125,742.3800048828125,742.52001953125,36017
2026-05-13 17:05:00+00:00,742.7576293945312,742.780029296875,742.4100952148438,742.4100952148438,65401
2026-05-13 17:06:00+00:00,742.8198852539062,742.8400268554688,742.6900024414062,742.75,77684
2026-05-13 17:07:00+00:00,742.7999877929688,742.8599853515625,742.7529296875,742.8099975585938,50787
2026-05-13 17:08:00+00:00,742.739990234375,742.8800048828125,742.7100219726562,742.7999877929688,56779
2026-05-13 17:09:00+00:00,742.7100219726562,742.8699951171875,742.6749877929688,742.760009765625,194325
2026-05-13 17:10:00+00:00,742.885009765625,742.8900146484375,742.7103881835938,742.7150268554688,45496
2026-05-13 17:11:00+00:00,742.5800170898438,742.89501953125,742.5800170898438,742.8900146484375,77492
2026-05-13 17:12:00+00:00,742.739990234375,742.760009765625,742.5599975585938,742.5800170898438,43725
2026-05-13 17:13:00+00:00,742.7692260742188,742.7999877929688,742.6900024414062,742.75,59347
2026-05-13 17:14:00+00:00,742.6300048828125,742.7999877929688,742.6300048828125,742.77001953125,45023
2026-05-13 17:15:00+00:00,742.6849975585938,742.77001953125,742.6021118164062,742.6300048828125,67738
2026-05-13 17:16:00+00:00,742.5900268554688,742.72998046875,742.52001953125,742.6799926757812,66524
2026-05-13 17:17:00+00:00,742.5650024414062,742.594970703125,742.4000244140625,742.5900268554688,61440
2026-05-13 17:18:00+00:00,742.5,742.6099853515625,742.469970703125,742.5650024414062,48782
2026-05-13 17:19:00+00:00,742.47998046875,742.52001953125,742.4000244140625,742.510009765625,33417
2026-05-13 17:20:00+00:00,742.4500122070312,742.510009765625,742.3499755859375,742.47998046875,51981
2026-05-13 17:21:00+00:00,742.489990234375,742.5,742.3900146484375,742.4400024414062,45128
2026-05-13 17:22:00+00:00,742.6480102539062,742.6599731445312,742.469970703125,742.47998046875,55648
2026-05-13 17:23:00+00:00,742.510009765625,742.6599731445312,742.489990234375,742.6484985351562,25508
2026-05-13 17:24:00+00:00,742.364990234375,742.5399780273438,742.3499755859375,742.5050048828125,54105
2026-05-13 17:25:00+00:00,742.5499877929688,742.5599975585938,742.3200073242188,742.3599853515625,203640
2026-05-13 17:26:00+00:00,742.6500244140625,742.6799926757812,742.5499877929688,742.5499877929688,39910
2026-05-13 17:27:00+00:00,742.739990234375,742.75,742.6599731445312,742.6599731445312,36698
2026-05-13 17:28:00+00:00,742.5900268554688,742.7999877929688,742.5700073242188,742.760009765625,32767
2026-05-13 17:29:00+00:00,742.6199951171875,742.6699829101562,742.5700073242188,742.5850219726562,55466
2026-05-13 17:30:00+00:00,742.510009765625,742.6900024414062,742.5,742.6199951171875,53577
2026-05-13 17:31:00+00:00,742.4600219726562,742.5499877929688,742.3200073242188,742.5,59251
2026-05-13 17:32:00+00:00,742.3289794921875,742.5499877929688,742.3099975585938,742.4500122070312,28984
2026-05-13 17:33:00+00:00,742.5,742.5,742.25,742.3200073242188,30299
2026-05-13 17:34:00+00:00,742.2899780273438,742.5399780273438,742.2800903320312,742.510009765625,26744
2026-05-13 17:35:00+00:00,742.2550048828125,742.3499755859375,742.239990234375,742.280029296875,43686
2026-05-13 17:36:00+00:00,742.2999877929688,742.3200073242188,742.18017578125,742.260009765625,69782
2026-05-13 17:37:00+00:00,742.4199829101562,742.4299926757812,742.27001953125,742.310302734375,35172
2026-05-13 17:38:00+00:00,742.5,742.510009765625,742.3499755859375,742.4199829101562,29212
2026-05-13 17:39:00+00:00,742.4000244140625,742.530029296875,742.3699951171875,742.510009765625,31428
2026-05-13 17:40:00+00:00,742.4099731445312,742.5,742.4099731445312,742.4299926757812,26965
2026-05-13 17:41:00+00:00,742.5,742.5,742.3699951171875,742.4180297851562,35831
2026-05-13 17:42:00+00:00,742.510009765625,742.530029296875,742.4099731445312,742.530029296875,31000
2026-05-13 17:43:00+00:00,742.5,742.6439819335938,742.47998046875,742.489990234375,44207
2026-05-13 17:44:00+00:00,742.614990234375,742.6699829101562,742.489990234375,742.489990234375,26470
2026-05-13 17:45:00+00:00,742.6599731445312,742.719970703125,742.5700073242188,742.6199951171875,37292
2026-05-13 17:46:00+00:00,742.6790771484375,742.7150268554688,742.6099853515625,742.6400146484375,26316
2026-05-13 17:47:00+00:00,742.7150268554688,742.77001953125,742.6799926757812,742.7000122070312,214339
2026-05-13 17:48:00+00:00,742.5700073242188,742.719970703125,742.5700073242188,742.7000122070312,50478
2026-05-13 17:49:00+00:00,742.5800170898438,742.6699829101562,742.5599975585938,742.5599975585938,28259
2026-05-13 17:50:00+00:00,742.7100219726562,742.7100219726562,742.5700073242188,742.5750122070312,30312
2026-05-13 17:51:00+00:00,742.6799926757812,742.7650146484375,742.6400146484375,742.7100219726562,66814
2026-05-13 17:52:00+00:00,742.6500244140625,742.6900024414062,742.5999755859375,742.6699829101562,35132
2026-05-13 17:53:00+00:00,742.5999755859375,742.6799926757812,742.5999755859375,742.6400146484375,29076
2026-05-13 17:54:00+00:00,742.5399780273438,742.6199951171875,742.5399780273438,742.5900268554688,36511
2026-05-13 17:55:00+00:00,742.52001953125,742.5800170898438,742.5,742.5399780273438,80517
2026-05-13 17:56:00+00:00,742.5499877929688,742.5599975585938,742.5,742.530029296875,38038
2026-05-13 17:57:00+00:00,742.4949951171875,742.5399780273438,742.4500122070312,742.5399780273438,57497
2026-05-13 17:58:00+00:00,742.3599853515625,742.5599975585938,742.3599853515625,742.4949951171875,30233
2026-05-13 17:59:00+00:00,742.135009765625,742.3599853515625,742.0999755859375,742.3499755859375,87224
2026-05-13 18:00:00+00:00,742.2849731445312,742.3400268554688,742.0910034179688,742.1300048828125,50516
2026-05-13 18:01:00+00:00,742.2949829101562,742.3300170898438,742.1900024414062,742.280029296875,63163
2026-05-13 18:02:00+00:00,742.5,742.52001953125,742.2949829101562,742.2949829101562,44706
2026-05-13 18:03:00+00:00,742.6400146484375,742.6900024414062,742.4650268554688,742.489990234375,37939
2026-05-13 18:04:00+00:00,742.7100219726562,742.75,742.5900268554688,742.6400146484375,55455
2026-05-13 18:05:00+00:00,742.7100219726562,742.77001953125,742.6300048828125,742.7100219726562,60614
2026-05-13 18:06:00+00:00,742.7100219726562,742.7525024414062,742.6300048828125,742.72998046875,40978
2026-05-13 18:07:00+00:00,742.6600952148438,742.8400268554688,742.6199951171875,742.7000122070312,57635
2026-05-13 18:08:00+00:00,742.8300170898438,742.8400268554688,742.6199951171875,742.6400146484375,38355
2026-05-13 18:09:00+00:00,742.7899780273438,742.8887939453125,742.780029296875,742.8300170898438,40980
2026-05-13 18:10:00+00:00,742.9000244140625,742.9000244140625,742.75,742.77001953125,28442
2026-05-13 18:11:00+00:00,742.7899780273438,742.885009765625,742.739990234375,742.885009765625,56795
2026-05-13 18:12:00+00:00,742.9000244140625,742.9400024414062,742.760009765625,742.8099975585938,39292
2026-05-13 18:13:00+00:00,743.1445922851562,743.1445922851562,742.8900146484375,742.9249877929688,79758
2026-05-13 18:14:00+00:00,743.307373046875,743.3800048828125,743.1199951171875,743.1300048828125,117534
2026-05-13 18:15:00+00:00,743.7200927734375,743.8699951171875,743.3200073242188,743.3200073242188,377702
2026-05-13 18:16:00+00:00,743.6799926757812,743.75,743.6300048828125,743.7301025390625,57467
2026-05-13 18:17:00+00:00,743.510009765625,743.719970703125,743.4600219726562,743.6799926757812,49514
2026-05-13 18:18:00+00:00,743.6099853515625,743.6699829101562,743.484375,743.489990234375,52565
2026-05-13 18:19:00+00:00,743.619873046875,743.7000122070312,743.5700073242188,743.6199951171875,43565
2026-05-13 18:20:00+00:00,743.72998046875,743.9099731445312,743.5800170898438,743.6199951171875,74289
2026-05-13 18:21:00+00:00,743.6900024414062,743.7899780273438,743.6500244140625,743.739990234375,49466
2026-05-13 18:22:00+00:00,743.6199951171875,743.719970703125,743.5449829101562,743.6699829101562,177453
2026-05-13 18:23:00+00:00,743.6900024414062,743.8099975585938,743.5999755859375,743.6400146484375,46211
2026-05-13 18:24:00+00:00,743.6900024414062,743.7249755859375,743.5800170898438,743.6900024414062,46401
2026-05-13 18:25:00+00:00,743.635009765625,743.72998046875,743.6300048828125,743.6799926757812,76646
2026-05-13 18:26:00+00:00,743.655029296875,743.7899780273438,743.6199951171875,743.6400146484375,75818
2026-05-13 18:27:00+00:00,743.6799926757812,743.739990234375,743.6199951171875,743.6599731445312,38510
2026-05-13 18:28:00+00:00,743.6599731445312,743.7000122070312,743.5999755859375,743.6699829101562,47382
2026-05-13 18:29:00+00:00,743.530029296875,743.6900024414062,743.5,743.6500244140625,63137
2026-05-13 18:30:00+00:00,743.3482055664062,743.5399780273438,743.2999877929688,743.5399780273438,85902
2026-05-13 18:31:00+00:00,743.2999877929688,743.4761962890625,743.2999877929688,743.3499755859375,64098
2026-05-13 18:32:00+00:00,743.3300170898438,743.3599853515625,743.1900024414062,743.2999877929688,87532
2026-05-13 18:33:00+00:00,743.2999877929688,743.3599853515625,743.22998046875,743.3400268554688,112371
2026-05-13 18:34:00+00:00,743.3400268554688,743.4000244140625,743.239990234375,743.2999877929688,57279
2026-05-13 18:35:00+00:00,743.1699829101562,743.3400268554688,743.1500244140625,743.3300170898438,58096
2026-05-13 18:36:00+00:00,743.0599975585938,743.22998046875,743.0399780273438,743.1594848632812,142554
2026-05-13 18:37:00+00:00,743.010009765625,743.0700073242188,742.8800048828125,743.0599975585938,60945
2026-05-13 18:38:00+00:00,743.0299072265625,743.0700073242188,742.8499755859375,743.010009765625,302857
2026-05-13 18:39:00+00:00,743.0900268554688,743.1300048828125,742.9299926757812,743.030029296875,75150
2026-05-13 18:40:00+00:00,743.1400146484375,743.2100219726562,743.0700073242188,743.0800170898438,66285
2026-05-13 18:41:00+00:00,743.2100219726562,743.239990234375,743.1199951171875,743.1300048828125,30699
2026-05-13 18:42:00+00:00,743.0700073242188,743.2100219726562,743.0700073242188,743.2100219726562,29950
2026-05-13 18:43:00+00:00,742.9600219726562,743.0800170898438,742.9299926757812,743.0399780273438,39064
2026-05-13 18:44:00+00:00,742.8201293945312,742.9600219726562,742.8200073242188,742.9500122070312,65629
2026-05-13 18:45:00+00:00,743.114990234375,743.1400146484375,742.8200073242188,742.8350219726562,71996
2026-05-13 18:46:00+00:00,743.0599975585938,743.1699829101562,743.02001953125,743.114990234375,46455
2026-05-13 18:47:00+00:00,743.0,743.1199951171875,742.97998046875,743.0599975585938,49110
2026-05-13 18:48:00+00:00,743.10498046875,743.1599731445312,742.989990234375,742.989990234375,42640
2026-05-13 18:49:00+00:00,743.0499877929688,743.2000122070312,743.02001953125,743.1199951171875,49072
2026-05-13 18:50:00+00:00,743.0399780273438,743.0700073242188,742.97998046875,743.0499877929688,41072
2026-05-13 18:51:00+00:00,743.0399780273438,743.1199951171875,742.9600219726562,743.0499877929688,30054
2026-05-13 18:52:00+00:00,743.030029296875,743.1099853515625,742.969970703125,743.0399780273438,68896
2026-05-13 18:53:00+00:00,743.2000122070312,743.2000122070312,743.02001953125,743.030029296875,42381
2026-05-13 18:54:00+00:00,743.2100219726562,743.3599853515625,743.0900268554688,743.1900024414062,115330
2026-05-13 18:55:00+00:00,743.0499877929688,743.2150268554688,743.030029296875,743.2000122070312,48645
2026-05-13 18:56:00+00:00,743.0,743.0900268554688,742.9199829101562,743.0399780273438,57162
2026-05-13 18:57:00+00:00,742.9600219726562,743.0700073242188,742.9299926757812,743.010009765625,39839
2026-05-13 18:58:00+00:00,742.7849731445312,742.969970703125,742.6799926757812,742.9600219726562,68360
2026-05-13 18:59:00+00:00,742.6500244140625,742.780029296875,742.5499877929688,742.77001953125,94578
2026-05-13 19:00:00+00:00,742.9099731445312,742.97998046875,742.6300048828125,742.6500244140625,99565
2026-05-13 19:01:00+00:00,742.9199829101562,742.9400024414062,742.860107421875,742.9199829101562,51747
2026-05-13 19:02:00+00:00,742.9400024414062,742.97998046875,742.8699951171875,742.8900146484375,56829
2026-05-13 19:03:00+00:00,743.030029296875,743.0900268554688,742.9299926757812,742.9500122070312,543356
2026-05-13 19:04:00+00:00,743.1099853515625,743.1199951171875,743.010009765625,743.010009765625,50328
2026-05-13 19:05:00+00:00,743.0599975585938,743.22998046875,743.0599975585938,743.0999755859375,66543
2026-05-13 19:06:00+00:00,742.97998046875,743.0750122070312,742.8900146484375,743.0499877929688,66678
2026-05-13 19:07:00+00:00,743.0750122070312,743.0800170898438,742.9400024414062,742.9660034179688,38799
2026-05-13 19:08:00+00:00,743.14501953125,743.1900024414062,743.010009765625,743.0700073242188,68047
2026-05-13 19:09:00+00:00,743.3109130859375,743.364990234375,743.1400146484375,743.1500244140625,84432
2026-05-13 19:10:00+00:00,743.4099731445312,743.469970703125,743.2949829101562,743.3099975585938,77421
2026-05-13 19:11:00+00:00,743.3314819335938,743.4299926757812,743.2899780273438,743.4000244140625,54076
2026-05-13 19:12:00+00:00,743.3350219726562,743.3599853515625,743.280029296875,743.3499755859375,66179
2026-05-13 19:13:00+00:00,743.4400024414062,743.469970703125,743.2899780273438,743.3499755859375,48631
2026-05-13 19:14:00+00:00,743.5499877929688,743.552490234375,743.4299926757812,743.4500122070312,159787
2026-05-13 19:15:00+00:00,743.4199829101562,743.5499877929688,743.3800048828125,743.5349731445312,93916
2026-05-13 19:16:00+00:00,743.4299926757812,743.4400024414062,743.3400268554688,743.4199829101562,54565
2026-05-13 19:17:00+00:00,743.5599975585938,743.5800170898438,743.4299926757812,743.4299926757812,62338
2026-05-13 19:18:00+00:00,743.6599731445312,743.7100219726562,743.5399780273438,743.5399780273438,225419
2026-05-13 19:19:00+00:00,743.6199951171875,743.6799926757812,743.5850219726562,743.6599731445312,66579
2026-05-13 19:20:00+00:00,743.3900146484375,743.7000122070312,743.3800048828125,743.6300048828125,82286
2026-05-13 19:21:00+00:00,743.280029296875,743.4299926757812,743.280029296875,743.4000244140625,110260
2026-05-13 19:22:00+00:00,743.3599853515625,743.4000244140625,743.2000122070312,743.2899780273438,65102
2026-05-13 19:23:00+00:00,743.2366943359375,743.4099731445312,743.1749877929688,743.3699951171875,78644
2026-05-13 19:24:00+00:00,743.1099853515625,743.2899780273438,743.0700073242188,743.2349853515625,62086
2026-05-13 19:25:00+00:00,743.2000122070312,743.219970703125,743.010009765625,743.1099853515625,113917
2026-05-13 19:26:00+00:00,743.25,743.2999877929688,743.1199951171875,743.1950073242188,86906
2026-05-13 19:27:00+00:00,743.4000244140625,743.4299926757812,743.239990234375,743.239990234375,62064
2026-05-13 19:28:00+00:00,743.3499755859375,743.4299926757812,743.3099975585938,743.39501953125,73294
2026-05-13 19:29:00+00:00,743.489990234375,743.489990234375,743.3200073242188,743.3300170898438,80676
2026-05-13 19:30:00+00:00,743.4949951171875,743.5349731445312,743.4349975585938,743.489990234375,87025
2026-05-13 19:31:00+00:00,743.4199829101562,743.5474853515625,743.4000244140625,743.489990234375,100929
2026-05-13 19:32:00+00:00,743.27001953125,743.4500122070312,743.2550048828125,743.4400024414062,287291
2026-05-13 19:33:00+00:00,743.1199951171875,743.2675170898438,743.094970703125,743.260009765625,66799
2026-05-13 19:34:00+00:00,743.1950073242188,743.22998046875,743.0800170898438,743.1099853515625,359938
2026-05-13 19:35:00+00:00,743.0700073242188,743.2100219726562,743.0499877929688,743.1900024414062,65693
2026-05-13 19:36:00+00:00,743.2050170898438,743.219970703125,743.02001953125,743.0651245117188,89450
2026-05-13 19:37:00+00:00,743.239990234375,743.27001953125,743.1649780273438,743.2100219726562,75910
2026-05-13 19:38:00+00:00,743.4000244140625,743.4600219726562,743.22998046875,743.22998046875,99996
2026-05-13 19:39:00+00:00,743.375,743.4299926757812,743.3150024414062,743.4000244140625,217171
2026-05-13 19:40:00+00:00,743.4299926757812,743.510009765625,743.3599853515625,743.3699951171875,72134
2026-05-13 19:41:00+00:00,743.3499755859375,743.47998046875,743.344970703125,743.4299926757812,81957
2026-05-13 19:42:00+00:00,743.3499755859375,743.3900146484375,743.2999877929688,743.3499755859375,118531
2026-05-13 19:43:00+00:00,743.3699951171875,743.4600219726562,743.2999877929688,743.3599853515625,86852
2026-05-13 19:44:00+00:00,743.4550170898438,743.47998046875,743.3599853515625,743.3800048828125,99847
2026-05-13 19:45:00+00:00,743.469970703125,743.489990234375,743.4199829101562,743.4600219726562,127503
2026-05-13 19:46:00+00:00,743.5,743.5,743.4000244140625,743.469970703125,159995
2026-05-13 19:47:00+00:00,743.5599975585938,743.5900268554688,743.489990234375,743.510009765625,86669
2026-05-13 19:48:00+00:00,743.469970703125,743.6099853515625,743.4500122070312,743.5499877929688,74138
2026-05-13 19:49:00+00:00,743.3900146484375,743.469970703125,743.3200073242188,743.4600219726562,121426
2026-05-13 19:50:00+00:00,742.7899780273438,743.3800048828125,742.75,743.3800048828125,570460
2026-05-13 19:51:00+00:00,742.5800170898438,742.8400268554688,742.3699951171875,742.780029296875,562462
2026-05-13 19:52:00+00:00,742.5900268554688,742.780029296875,742.5399780273438,742.5800170898438,380927
2026-05-13 19:53:00+00:00,742.6400146484375,742.6500244140625,742.4099731445312,742.5750122070312,577854
2026-05-13 19:54:00+00:00,742.4600219726562,742.6300048828125,742.27001953125,742.6099853515625,603583
2026-05-13 19:55:00+00:00,742.4299926757812,742.5599975585938,742.2849731445312,742.4600219726562,490149
2026-05-13 19:56:00+00:00,742.4500122070312,742.469970703125,742.219970703125,742.4299926757812,604748
2026-05-13 19:57:00+00:00,742.4000244140625,742.52001953125,742.3499755859375,742.4400024414062,449437
2026-05-13 19:58:00+00:00,742.385009765625,742.4199829101562,742.22998046875,742.4000244140625,907087
2026-05-13 19:59:00+00:00,742.3049926757812,742.530029296875,742.25,742.3800048828125,1056251
2026-05-14 13:30:00+00:00,744.155029296875,744.4199829101562,743.5599975585938,743.6500244140625,1180463
2026-05-14 13:31:00+00:00,744.5,744.5800170898438,743.9199829101562,744.1699829101562,230739
2026-05-14 13:32:00+00:00,744.6300048828125,745.0,744.489990234375,744.5050048828125,169241
2026-05-14 13:33:00+00:00,744.7000122070312,744.8099975585938,744.5234985351562,744.6099853515625,134840
2026-05-14 13:34:00+00:00,744.8099975585938,744.8200073242188,744.64990234375,744.6900024414062,71988
2026-05-14 13:35:00+00:00,744.4099731445312,744.7999877929688,744.3499755859375,744.7999877929688,90564
2026-05-14 13:36:00+00:00,744.4600219726562,744.5800170898438,744.280029296875,744.3699951171875,127444
2026-05-14 13:37:00+00:00,744.9597778320312,744.9945068359375,744.4299926757812,744.4600219726562,61813
2026-05-14 13:38:00+00:00,745.3200073242188,745.3900146484375,744.9600219726562,744.9600219726562,83772
2026-05-14 13:39:00+00:00,745.3099975585938,745.4000244140625,745.25,745.2999877929688,147780
2026-05-14 13:40:00+00:00,745.4349975585938,745.4500122070312,745.25,745.3200073242188,109687
2026-05-14 13:41:00+00:00,745.5999755859375,745.6300048828125,745.39501953125,745.4299926757812,246349
2026-05-14 13:42:00+00:00,745.5700073242188,745.614990234375,745.344970703125,745.5900268554688,74506
2026-05-14 13:43:00+00:00,745.5349731445312,745.6099853515625,745.3900146484375,745.5800170898438,101151
2026-05-14 13:44:00+00:00,745.4149780273438,745.5700073242188,745.3300170898438,745.52001953125,77572
2026-05-14 13:45:00+00:00,745.5775146484375,745.780029296875,745.3499755859375,745.4199829101562,200971
2026-05-14 13:46:00+00:00,745.5399780273438,745.7000122070312,745.4400024414062,745.5700073242188,79406
2026-05-14 13:47:00+00:00,745.6325073242188,745.6500244140625,745.5,745.5399780273438,91842
2026-05-14 13:48:00+00:00,745.27001953125,745.6199951171875,745.27001953125,745.6099853515625,126612
2026-05-14 13:49:00+00:00,745.69970703125,745.8699951171875,745.2000122070312,745.27001953125,147113
2026-05-14 13:50:00+00:00,745.3900146484375,745.885009765625,745.3099975585938,745.6849975585938,119256
2026-05-14 13:51:00+00:00,745.469970703125,745.6151733398438,745.3300170898438,745.4099731445312,113258
2026-05-14 13:52:00+00:00,745.4580078125,745.510009765625,744.9299926757812,745.47998046875,171534
2026-05-14 13:53:00+00:00,745.3800048828125,745.50927734375,745.22998046875,745.4600219726562,50955
2026-05-14 13:54:00+00:00,745.02001953125,745.4400024414062,745.02001953125,745.3800048828125,65942
2026-05-14 13:55:00+00:00,745.0599975585938,745.0599975585938,744.739990234375,745.02001953125,91845
2026-05-14 13:56:00+00:00,745.2999877929688,745.469970703125,745.0598754882812,745.0700073242188,76689
2026-05-14 13:57:00+00:00,745.2349853515625,745.409912109375,745.1500244140625,745.2999877929688,47262
2026-05-14 13:58:00+00:00,745.0599975585938,745.3599853515625,745.0399780273438,745.22998046875,61827
2026-05-14 13:59:00+00:00,744.4299926757812,745.0900268554688,744.25,745.0549926757812,248513
2026-05-14 14:00:00+00:00,744.9400024414062,745.010009765625,744.280029296875,744.4199829101562,100884
2026-05-14 14:01:00+00:00,745.2449951171875,745.260009765625,744.9299926757812,744.97998046875,202379
2026-05-14 14:02:00+00:00,745.1356811523438,745.2650146484375,745.02001953125,745.22998046875,78868
2026-05-14 14:03:00+00:00,745.0900268554688,745.1699829101562,744.8499755859375,745.1699829101562,55133
2026-05-14 14:04:00+00:00,745.2999877929688,745.3049926757812,745.0800170898438,745.0800170898438,35974
2026-05-14 14:05:00+00:00,745.4199829101562,745.4749755859375,745.2100219726562,745.2949829101562,49841
2026-05-14 14:06:00+00:00,745.3699951171875,745.5,745.3099975585938,745.4099731445312,52472
2026-05-14 14:07:00+00:00,745.1199951171875,745.4899291992188,745.0800170898438,745.3699951171875,47417
2026-05-14 14:08:00+00:00,744.9550170898438,745.1099853515625,744.8099975585938,745.1099853515625,72285
2026-05-14 14:09:00+00:00,745.0549926757812,745.22998046875,744.9400024414062,745.02001953125,54460
2026-05-14 14:10:00+00:00,745.0999755859375,745.25,745.02001953125,745.0549926757812,171814
2026-05-14 14:11:00+00:00,745.3280029296875,745.3280029296875,744.8300170898438,745.0900268554688,78314
2026-05-14 14:12:00+00:00,745.531005859375,745.5599975585938,745.219970703125,745.3200073242188,70854
2026-05-14 14:13:00+00:00,745.5,745.6300048828125,745.4099731445312,745.530029296875,47340
2026-05-14 14:14:00+00:00,745.510009765625,745.5599975585938,745.4299926757812,745.47998046875,43124
2026-05-14 14:15:00+00:00,745.6799926757812,745.72998046875,745.47998046875,745.5,299855
2026-05-14 14:16:00+00:00,745.7899780273438,745.7899780273438,745.6500244140625,745.6900024414062,111095
2026-05-14 14:17:00+00:00,745.7999877929688,745.8400268554688,745.614990234375,745.7899780273438,114993
2026-05-14 14:18:00+00:00,746.0050048828125,746.0399780273438,745.7849731445312,745.8049926757812,97475
2026-05-14 14:19:00+00:00,746.0474853515625,746.1300048828125,745.969970703125,746.010009765625,109466
2026-05-14 14:20:00+00:00,746.260009765625,746.3499755859375,746.0599975585938,746.0700073242188,107184
2026-05-14 14:21:00+00:00,746.22998046875,746.2650146484375,746.1099853515625,746.2650146484375,304121
2026-05-14 14:22:00+00:00,746.3201293945312,746.3699951171875,746.0700073242188,746.219970703125,89960
2026-05-14 14:23:00+00:00,746.1799926757812,746.3599853515625,746.1400146484375,746.3201293945312,90918
2026-05-14 14:24:00+00:00,745.9299926757812,746.1900024414062,745.8599853515625,746.1900024414062,69984
2026-05-14 14:25:00+00:00,745.5999755859375,745.969970703125,745.5900268554688,745.9398803710938,135604
2026-05-14 14:26:00+00:00,745.72998046875,745.7999877929688,745.5999755859375,745.5999755859375,50472
2026-05-14 14:27:00+00:00,745.6199951171875,745.8699951171875,745.6199951171875,745.8300170898438,40347
2026-05-14 14:28:00+00:00,745.6799926757812,745.72998046875,745.5399780273438,745.6199951171875,39339
2026-05-14 14:29:00+00:00,745.9600219726562,745.9600219726562,745.530029296875,745.6749877929688,44150
2026-05-14 14:30:00+00:00,745.9500122070312,746.030029296875,745.8300170898438,745.9500122070312,51826
2026-05-14 14:31:00+00:00,746.02001953125,746.0499877929688,745.9299926757812,745.9699096679688,285988
2026-05-14 14:32:00+00:00,745.8499145507812,746.0599975585938,745.760009765625,746.02001953125,49218
2026-05-14 14:33:00+00:00,745.7899780273438,745.8900146484375,745.760009765625,745.8599853515625,26657
2026-05-14 14:34:00+00:00,745.989990234375,746.010009765625,745.760009765625,745.7899780273438,62292
2026-05-14 14:35:00+00:00,746.0399780273438,746.0599975585938,745.780029296875,745.989990234375,42428
2026-05-14 14:36:00+00:00,746.2100219726562,746.239990234375,745.989990234375,746.0599975585938,60488
2026-05-14 14:37:00+00:00,746.4000244140625,746.4099731445312,746.1699829101562,746.2000122070312,62358
2026-05-14 14:38:00+00:00,746.4400024414062,746.5,746.3900146484375,746.4000244140625,84389
2026-05-14 14:39:00+00:00,746.6375122070312,746.6500244140625,746.4400024414062,746.4550170898438,99182
2026-05-14 14:40:00+00:00,746.8350219726562,746.8463745117188,746.5250244140625,746.6300048828125,71538
2026-05-14 14:41:00+00:00,746.8200073242188,746.9000244140625,746.75,746.8350219726562,103841
2026-05-14 14:42:00+00:00,746.7600708007812,746.9500122070312,746.719970703125,746.8200073242188,56769
2026-05-14 14:43:00+00:00,746.8599853515625,746.9299926757812,746.6900024414062,746.780029296875,72809
2026-05-14 14:44:00+00:00,746.969970703125,746.989990234375,746.8099975585938,746.8599853515625,57049
2026-05-14 14:45:00+00:00,747.1099853515625,747.2100219726562,746.97998046875,746.97998046875,95708
2026-05-14 14:46:00+00:00,747.0900268554688,747.22998046875,747.0399780273438,747.0999755859375,71165
2026-05-14 14:47:00+00:00,747.1599731445312,747.2000122070312,747.010009765625,747.0999755859375,56533
2026-05-14 14:48:00+00:00,747.0900268554688,747.2119750976562,747.010009765625,747.1597900390625,84075
2026-05-14 14:49:00+00:00,747.2249755859375,747.260009765625,747.0599975585938,747.0900268554688,32803
2026-05-14 14:50:00+00:00,747.4500122070312,747.530029296875,747.2000732421875,747.2249755859375,77702
2026-05-14 14:51:00+00:00,747.4500122070312,747.47998046875,747.239990234375,747.469970703125,72850
2026-05-14 14:52:00+00:00,747.2498779296875,747.4600219726562,747.1699829101562,747.4500122070312,71406
2026-05-14 14:53:00+00:00,747.239990234375,747.3900146484375,747.2100219726562,747.239990234375,45015
2026-05-14 14:54:00+00:00,747.3150024414062,747.3200073242188,747.02001953125,747.2349853515625,57977
2026-05-14 14:55:00+00:00,747.4401245117188,747.5269775390625,747.3150024414062,747.3150024414062,285587
2026-05-14 14:56:00+00:00,747.3400268554688,747.4600219726562,747.27001953125,747.4600219726562,51517
2026-05-14 14:57:00+00:00,747.469970703125,747.530029296875,747.3300170898438,747.3400268554688,52073
2026-05-14 14:58:00+00:00,747.4199829101562,747.5,747.3920288085938,747.47509765625,71787
2026-05-14 14:59:00+00:00,747.1799926757812,747.4249877929688,747.1199951171875,747.4249877929688,66584
2026-05-14 15:00:00+00:00,747.3099975585938,747.3699951171875,747.1199951171875,747.1900024414062,49975
2026-05-14 15:01:00+00:00,747.6199951171875,747.6300048828125,747.3099975585938,747.3099975585938,47371
2026-05-14 15:02:00+00:00,747.6610107421875,747.8098754882812,747.6177978515625,747.6400146484375,61954
2026-05-14 15:03:00+00:00,747.75,747.8400268554688,747.655029296875,747.6699829101562,51808
2026-05-14 15:04:00+00:00,747.5900268554688,747.77001953125,747.5819702148438,747.75,34795
2026-05-14 15:05:00+00:00,747.75,747.8200073242188,747.530029296875,747.5800170898438,43366
2026-05-14 15:06:00+00:00,747.6749877929688,747.7999877929688,747.638916015625,747.760009765625,50925
2026-05-14 15:07:00+00:00,747.7200927734375,747.739990234375,747.5999755859375,747.6701049804688,71605
2026-05-14 15:08:00+00:00,747.77001953125,747.8200073242188,747.7000122070312,747.739990234375,52357
2026-05-14 15:09:00+00:00,747.7600708007812,747.8099975585938,747.7100219726562,747.760009765625,39064
2026-05-14 15:10:00+00:00,747.8875122070312,747.9099731445312,747.719970703125,747.760009765625,52586
2026-05-14 15:11:00+00:00,747.8350219726562,747.8900146484375,747.7000122070312,747.8800048828125,45570
2026-05-14 15:12:00+00:00,747.8099975585938,747.8499755859375,747.739990234375,747.8350219726562,70264
2026-05-14 15:13:00+00:00,747.9400024414062,747.97998046875,747.719970703125,747.8099975585938,73152
2026-05-14 15:14:00+00:00,748.0399780273438,748.0399780273438,747.9000244140625,747.9400024414062,63475
2026-05-14 15:15:00+00:00,748.1950073242188,748.2000122070312,748.0399780273438,748.0399780273438,71090
2026-05-14 15:16:00+00:00,748.219970703125,748.3599853515625,748.1900024414062,748.2000122070312,105147
2026-05-14 15:17:00+00:00,748.3400268554688,748.3599853515625,748.1900024414062,748.219970703125,176509
2026-05-14 15:18:00+00:00,748.4400024414062,748.5499877929688,748.3300170898438,748.3400268554688,99549
2026-05-14 15:19:00+00:00,748.4500122070312,748.469970703125,748.4000244140625,748.4500122070312,40832
2026-05-14 15:20:00+00:00,748.6998901367188,748.77001953125,748.4099731445312,748.4500122070312,62504
2026-05-14 15:21:00+00:00,748.5,748.7000122070312,748.4600219726562,748.6810302734375,40442
2026-05-14 15:22:00+00:00,748.4400024414062,748.5599975585938,748.4099731445312,748.5,80067
2026-05-14 15:23:00+00:00,748.3920288085938,748.4899291992188,748.3499755859375,748.4400024414062,69242
2026-05-14 15:24:00+00:00,748.489990234375,748.5700073242188,748.3900146484375,748.396728515625,64552
2026-05-14 15:25:00+00:00,748.5800170898438,748.6300048828125,748.47998046875,748.5,40094
2026-05-14 15:26:00+00:00,748.7100219726562,748.7467041015625,748.5650024414062,748.5900268554688,45215
2026-05-14 15:27:00+00:00,748.760009765625,748.7899780273438,748.6400146484375,748.719970703125,62538
2026-05-14 15:28:00+00:00,748.7999877929688,748.8099975585938,748.6799926757812,748.7501220703125,69859
2026-05-14 15:29:00+00:00,748.510498046875,748.7949829101562,748.510009765625,748.7899780273438,205047
2026-05-14 15:30:00+00:00,748.719970703125,748.75,748.4299926757812,748.510009765625,57535
2026-05-14 15:31:00+00:00,748.75,748.7849731445312,748.7000122070312,748.75,47045
2026-05-14 15:32:00+00:00,748.719970703125,748.780029296875,748.6795043945312,748.739990234375,69534
2026-05-14 15:33:00+00:00,748.6599731445312,748.8200073242188,748.6356201171875,748.719970703125,74017
2026-05-14 15:34:00+00:00,748.6500244140625,748.7150268554688,748.52001953125,748.6400146484375,74629
2026-05-14 15:35:00+00:00,748.530029296875,748.6900024414062,748.47998046875,748.6500244140625,83234
2026-05-14 15:36:00+00:00,748.60498046875,748.6799926757812,748.4700927734375,748.510009765625,58265
2026-05-14 15:37:00+00:00,748.5750122070312,748.6699829101562,748.5700073242188,748.6199951171875,28006
2026-05-14 15:38:00+00:00,748.3300170898438,748.5750122070312,748.25,748.5599975585938,74470
2026-05-14 15:39:00+00:00,748.4650268554688,748.530029296875,748.219970703125,748.280029296875,102340
2026-05-14 15:40:00+00:00,748.3900146484375,748.5900268554688,748.3499755859375,748.4600219726562,35082
2026-05-14 15:41:00+00:00,748.6589965820312,748.6599731445312,748.3900146484375,748.3956909179688,29940
2026-05-14 15:42:00+00:00,748.7445068359375,748.7600708007812,748.6099853515625,748.6500244140625,51616
2026-05-14 15:43:00+00:00,748.780029296875,748.8200073242188,748.6900024414062,748.72998046875,198013
2026-05-14 15:44:00+00:00,748.780029296875,748.7999877929688,748.6099853515625,748.789794921875,178345
2026-05-14 15:45:00+00:00,748.719970703125,748.7899780273438,748.6405029296875,748.77001953125,213735
2026-05-14 15:46:00+00:00,748.6900024414062,748.8099975585938,748.6649780273438,748.719970703125,107518
2026-05-14 15:47:00+00:00,748.6500244140625,748.760009765625,748.6099853515625,748.6900024414062,58709
2026-05-14 15:48:00+00:00,748.780029296875,748.7999877929688,748.6400146484375,748.6699829101562,63007
2026-05-14 15:49:00+00:00,748.7860717773438,748.7999877929688,748.6900024414062,748.760009765625,62811
2026-05-14 15:50:00+00:00,748.739990234375,748.7999877929688,748.625,748.7899780273438,62008
2026-05-14 15:51:00+00:00,748.72998046875,748.760009765625,748.6900024414062,748.75,168467
2026-05-14 15:52:00+00:00,748.780029296875,748.8099975585938,748.6699829101562,748.72998046875,43550
2026-05-14 15:53:00+00:00,748.6799926757812,748.780029296875,748.6799926757812,748.77001953125,49190
2026-05-14 15:54:00+00:00,748.6900024414062,748.739990234375,748.6599731445312,748.6799926757812,48103
2026-05-14 15:55:00+00:00,748.9249877929688,748.9400024414062,748.6699829101562,748.6699829101562,65897
2026-05-14 15:56:00+00:00,749.0501098632812,749.1300048828125,748.9000244140625,748.9000244140625,83674
2026-05-14 15:57:00+00:00,749.2301025390625,749.260009765625,749.0399780273438,749.0599975585938,109913
2026-05-14 15:58:00+00:00,749.2200927734375,749.280029296875,749.2000122070312,749.25,58327
2026-05-14 15:59:00+00:00,749.2650146484375,749.280029296875,749.1400146484375,749.22998046875,51815
2026-05-14 16:00:00+00:00,749.35498046875,749.3800048828125,749.1699829101562,749.280029296875,84877
2026-05-14 16:01:00+00:00,749.3300170898438,749.4000244140625,749.280029296875,749.3499755859375,67018
2026-05-14 16:02:00+00:00,749.3099975585938,749.3400268554688,749.2000732421875,749.3200073242188,55063
2026-05-14 16:03:00+00:00,749.3499755859375,749.3599853515625,749.2800903320312,749.3200073242188,40914
2026-05-14 16:04:00+00:00,749.4199829101562,749.47998046875,749.3300170898438,749.3499755859375,82942
2026-05-14 16:05:00+00:00,749.489990234375,749.489990234375,749.3400268554688,749.4299926757812,33597
2026-05-14 16:06:00+00:00,749.3300170898438,749.530029296875,749.2899780273438,749.489990234375,93036
2026-05-14 16:07:00+00:00,749.3400268554688,749.4099731445312,749.280029296875,749.3300170898438,43281
2026-05-14 16:08:00+00:00,749.3099975585938,749.3800048828125,749.260009765625,749.3300170898438,37805
2026-05-14 16:09:00+00:00,749.1900024414062,749.3099975585938,749.1699829101562,749.3099975585938,60828
2026-05-14 16:10:00+00:00,749.260009765625,749.3499755859375,749.1199951171875,749.1900024414062,57278
2026-05-14 16:11:00+00:00,749.2449951171875,749.3699951171875,749.22998046875,749.27001953125,32971
2026-05-14 16:12:00+00:00,749.25,749.3499755859375,749.2000122070312,749.239990234375,36276
2026-05-14 16:13:00+00:00,749.1300048828125,749.27001953125,749.1199951171875,749.260009765625,42291
2026-05-14 16:14:00+00:00,748.9500122070312,749.1500244140625,748.9219970703125,749.1300048828125,76085
2026-05-14 16:15:00+00:00,749.1099853515625,749.1300048828125,748.9500122070312,748.9600219726562,66586
2026-05-14 16:16:00+00:00,749.27001953125,749.27001953125,749.0399780273438,749.1099853515625,50317
2026-05-14 16:17:00+00:00,749.3099975585938,749.3300170898438,749.25,749.27001953125,36706
2026-05-14 16:18:00+00:00,749.3099975585938,749.3400268554688,749.239990234375,749.3200073242188,53339
2026-05-14 16:19:00+00:00,749.030029296875,749.3049926757812,748.97998046875,749.2999877929688,41792
2026-05-14 16:20:00+00:00,749.0999755859375,749.1199951171875,749.010009765625,749.030029296875,60469
2026-05-14 16:21:00+00:00,749.3300170898438,749.3350219726562,749.0900268554688,749.1199951171875,67649
2026-05-14 16:22:00+00:00,749.0800170898438,749.3200073242188,749.0800170898438,749.3200073242188,39723
2026-05-14 16:23:00+00:00,748.8599853515625,749.125,748.8400268554688,749.0800170898438,71085
2026-05-14 16:24:00+00:00,748.6699829101562,748.8599853515625,748.6599731445312,748.8499755859375,68116
2026-05-14 16:25:00+00:00,748.5399780273438,748.739990234375,748.489990234375,748.6699829101562,99010
2026-05-14 16:26:00+00:00,748.0299072265625,748.5599975585938,748.010009765625,748.5499877929688,106105
2026-05-14 16:27:00+00:00,748.3297119140625,748.3599853515625,747.969970703125,748.0100708007812,94379
2026-05-14 16:28:00+00:00,748.135009765625,748.3399047851562,748.0700073242188,748.3201293945312,33572
2026-05-14 16:29:00+00:00,748.0,748.1655883789062,747.8499755859375,748.1300048828125,65026
2026-05-14 16:30:00+00:00,748.2249755859375,748.25,747.919189453125,748.010009765625,68034
2026-05-14 16:31:00+00:00,748.1500244140625,748.2698974609375,748.0601196289062,748.2100219726562,152139
2026-05-14 16:32:00+00:00,747.9000244140625,748.2000122070312,747.8800048828125,748.114990234375,37145
2026-05-14 16:33:00+00:00,747.5499877929688,747.9099731445312,747.5399780273438,747.8699951171875,81012
2026-05-14 16:34:00+00:00,747.6300048828125,747.77001953125,747.3800048828125,747.539306640625,86947
2026-05-14 16:35:00+00:00,747.739990234375,747.828125,747.5700073242188,747.625,59388
2026-05-14 16:36:00+00:00,747.9299926757812,747.9500122070312,747.72998046875,747.72998046875,45046
2026-05-14 16:37:00+00:00,747.739990234375,747.97998046875,747.7100219726562,747.9400024414062,65908
2026-05-14 16:38:00+00:00,748.0,748.0,747.75,747.75,21484
2026-05-14 16:39:00+00:00,748.1199951171875,748.1199951171875,747.905029296875,748.0,61577
2026-05-14 16:40:00+00:00,748.239990234375,748.3300170898438,748.0999755859375,748.1199951171875,48622
2026-05-14 16:41:00+00:00,748.2899780273438,748.2999877929688,748.010009765625,748.22998046875,48966
2026-05-14 16:42:00+00:00,748.2550048828125,748.3400268554688,748.2059936523438,748.280029296875,38072
2026-05-14 16:43:00+00:00,748.1599731445312,748.260009765625,748.0800170898438,748.239990234375,58801
2026-05-14 16:44:00+00:00,747.8499755859375,748.1599731445312,747.8189697265625,748.1400146484375,110283
2026-05-14 16:45:00+00:00,747.780029296875,748.0374145507812,747.4299926757812,747.8499755859375,156933
2026-05-14 16:46:00+00:00,747.8900146484375,747.8900146484375,747.5800170898438,747.780029296875,54201
2026-05-14 16:47:00+00:00,748.1849975585938,748.2000122070312,747.8300170898438,747.8800048828125,31224
2026-05-14 16:48:00+00:00,748.1500244140625,748.239990234375,747.9600219726562,748.1900024414062,36660
2026-05-14 16:49:00+00:00,748.030029296875,748.1500244140625,748.030029296875,748.1199951171875,24220
2026-05-14 16:50:00+00:00,747.7706298828125,748.0800170898438,747.739990234375,748.0599975585938,39313
2026-05-14 16:51:00+00:00,747.8300170898438,747.8900146484375,747.6500244140625,747.7899780273438,36723
2026-05-14 16:52:00+00:00,747.7000122070312,747.8499755859375,747.6699829101562,747.8300170898438,42384
2026-05-14 16:53:00+00:00,747.5999755859375,747.780029296875,747.5800170898438,747.6900024414062,32801
2026-05-14 16:54:00+00:00,747.760009765625,747.7899780273438,747.5,747.6300048828125,371020
2026-05-14 16:55:00+00:00,747.5900268554688,747.780029296875,747.5800170898438,747.780029296875,35109
2026-05-14 16:56:00+00:00,747.5399780273438,747.5800170898438,747.1500244140625,747.5800170898438,91335
2026-05-14 16:57:00+00:00,747.6300048828125,747.6300048828125,747.4600219726562,747.5599975585938,38220
2026-05-14 16:58:00+00:00,747.760009765625,747.8200073242188,747.510009765625,747.6500244140625,45899
2026-05-14 16:59:00+00:00,747.8289794921875,747.8599853515625,747.7100830078125,747.760009765625,164604
2026-05-14 17:00:00+00:00,748.0701293945312,748.1599731445312,747.8099975585938,747.8300170898438,51001
2026-05-14 17:01:00+00:00,748.0700073242188,748.1300048828125,747.969970703125,748.0999755859375,31503
2026-05-14 17:02:00+00:00,748.1400146484375,748.2000122070312,748.010009765625,748.0800170898438,44130
2026-05-14 17:03:00+00:00,748.2379760742188,748.2899780273438,748.1300048828125,748.1300048828125,30661
2026-05-14 17:04:00+00:00,748.1599731445312,748.3099975585938,748.1165161132812,748.239990234375,184581
2026-05-14 17:05:00+00:00,748.0,748.1900024414062,747.969970703125,748.1699829101562,59119
2026-05-14 17:06:00+00:00,747.8099975585938,748.02001953125,747.5800170898438,748.010009765625,179771
2026-05-14 17:07:00+00:00,747.72998046875,747.8499755859375,747.5599975585938,747.8200073242188,46623
2026-05-14 17:08:00+00:00,747.6699829101562,747.72998046875,747.510009765625,747.7000122070312,48295
2026-05-14 17:09:00+00:00,747.4400024414062,747.7000122070312,747.4299926757812,747.6900024414062,35800
2026-05-14 17:10:00+00:00,747.6599731445312,747.6900024414062,747.1849975585938,747.4299926757812,123837
2026-05-14 17:11:00+00:00,747.719970703125,747.7899780273438,747.625,747.655029296875,41361
2026-05-14 17:12:00+00:00,747.5050048828125,747.719970703125,747.47998046875,747.6900024414062,285115
2026-05-14 17:13:00+00:00,747.4849853515625,747.6099243164062,747.4000244140625,747.5,57292
2026-05-14 17:14:00+00:00,747.0599975585938,747.5349731445312,746.969970703125,747.489990234375,64281
2026-05-14 17:15:00+00:00,746.9199829101562,747.2000122070312,746.8300170898438,747.0499877929688,192801
2026-05-14 17:16:00+00:00,746.5599975585938,746.947021484375,746.4000244140625,746.9199829101562,92074
2026-05-14 17:17:00+00:00,746.75,746.8400268554688,746.4199829101562,746.5800170898438,78313
2026-05-14 17:18:00+00:00,746.50927734375,746.7540893554688,746.4500122070312,746.739990234375,54366
2026-05-14 17:19:00+00:00,746.47998046875,746.6599731445312,746.3900146484375,746.47998046875,76788
2026-05-14 17:20:00+00:00,746.6199951171875,746.7000122070312,746.3070068359375,746.489990234375,96621
2026-05-14 17:21:00+00:00,746.4299926757812,746.8099975585938,746.3599853515625,746.60009765625,54688
2026-05-14 17:22:00+00:00,746.8350219726562,746.8400268554688,746.39501953125,746.4149780273438,117204
2026-05-14 17:23:00+00:00,746.8300170898438,746.9500122070312,746.6099853515625,746.8400268554688,57670
2026-05-14 17:24:00+00:00,746.7050170898438,746.8200073242188,746.5399780273438,746.739990234375,88403
2026-05-14 17:25:00+00:00,746.7249755859375,746.760009765625,746.530029296875,746.7050170898438,90071
2026-05-14 17:26:00+00:00,746.5,746.8400268554688,746.3200073242188,746.7150268554688,104036
2026-05-14 17:27:00+00:00,746.6201171875,746.6337890625,746.3900146484375,746.530029296875,78642
2026-05-14 17:28:00+00:00,746.6900024414062,746.719970703125,746.5499877929688,746.6400146484375,80876
2026-05-14 17:29:00+00:00,746.9099731445312,746.9199829101562,746.5900268554688,746.6699829101562,82096
2026-05-14 17:30:00+00:00,747.159912109375,747.1884155273438,746.7100219726562,746.9199829101562,425527
2026-05-14 17:31:00+00:00,747.22998046875,747.3400268554688,747.1500244140625,747.1500244140625,71196
2026-05-14 17:32:00+00:00,747.2899780273438,747.3499755859375,747.1400146484375,747.2249755859375,54528
2026-05-14 17:33:00+00:00,747.0089721679688,747.3690185546875,746.9600219726562,747.2999877929688,83457
2026-05-14 17:34:00+00:00,747.0700073242188,747.1900024414062,746.9199829101562,747.030029296875,69223
2026-05-14 17:35:00+00:00,747.3300170898438,747.3599853515625,747.0599975585938,747.0750122070312,76188
2026-05-14 17:36:00+00:00,747.25,747.3400268554688,747.1500244140625,747.3350219726562,52727
2026-05-14 17:37:00+00:00,747.4000244140625,747.4299926757812,747.2100219726562,747.239990234375,63512
2026-05-14 17:38:00+00:00,747.6599731445312,747.6599731445312,747.3499755859375,747.4000244140625,271160
2026-05-14 17:39:00+00:00,747.6799926757812,747.780029296875,747.6500244140625,747.6599731445312,68244
2026-05-14 17:40:00+00:00,747.77001953125,747.9400024414062,747.6599731445312,747.6599731445312,182712
2026-05-14 17:41:00+00:00,747.6900024414062,747.8300170898438,747.6900024414062,747.75,70635
2026-05-14 17:42:00+00:00,747.7100219726562,747.8400268554688,747.6599731445312,747.7000122070312,108970
2026-05-14 17:43:00+00:00,747.6500244140625,747.8099975585938,747.6201171875,747.7150268554688,55910
2026-05-14 17:44:00+00:00,747.7100219726562,747.760009765625,747.4099731445312,747.6300048828125,104784
2026-05-14 17:45:00+00:00,747.989990234375,748.0,747.72998046875,747.72998046875,60807
2026-05-14 17:46:00+00:00,748.0999755859375,748.2999877929688,747.9600219726562,747.9755249023438,92840
2026-05-14 17:47:00+00:00,748.0399780273438,748.1500244140625,748.0,748.0999755859375,53877
2026-05-14 17:48:00+00:00,748.1500244140625,748.1799926757812,748.02001953125,748.0599975585938,61113
2026-05-14 17:49:00+00:00,748.1500854492188,748.239990234375,748.1491088867188,748.1599731445312,64322
2026-05-14 17:50:00+00:00,748.1900024414062,748.27001953125,748.0712280273438,748.1599731445312,74068
2026-05-14 17:51:00+00:00,748.1900024414062,748.22998046875,748.0601196289062,748.1900024414062,78032
2026-05-14 17:52:00+00:00,748.030029296875,748.239990234375,747.969970703125,748.2069702148438,65511
2026-05-14 17:53:00+00:00,748.1900024414062,748.25,748.0150146484375,748.030029296875,51743
2026-05-14 17:54:00+00:00,747.9299926757812,748.1799926757812,747.8400268554688,748.1799926757812,78417
2026-05-14 17:55:00+00:00,748.0599975585938,748.0900268554688,747.9000244140625,747.9099731445312,60895
2026-05-14 17:56:00+00:00,748.0499877929688,748.1799926757812,748.02001953125,748.0599975585938,60199
2026-05-14 17:57:00+00:00,748.0900268554688,748.1199951171875,747.9500122070312,748.0499877929688,55769
2026-05-14 17:58:00+00:00,747.9450073242188,748.1099853515625,747.8699951171875,748.094970703125,65951
2026-05-14 17:59:00+00:00,747.739990234375,747.9500122070312,747.6900024414062,747.9450073242188,111826
2026-05-14 18:00:00+00:00,747.2999877929688,747.719970703125,747.219970703125,747.719970703125,604044
2026-05-14 18:01:00+00:00,746.844970703125,747.4000244140625,746.6900024414062,747.27001953125,169231
2026-05-14 18:02:00+00:00,747.0599975585938,747.1099853515625,746.8400268554688,746.8400268554688,40258
2026-05-14 18:03:00+00:00,746.8499755859375,747.0499877929688,746.7000122070312,747.0499877929688,78213
2026-05-14 18:04:00+00:00,746.8699951171875,746.969970703125,746.6500244140625,746.8350219726562,100056
2026-05-14 18:05:00+00:00,747.030029296875,747.1099853515625,746.77001953125,746.8900146484375,43070
2026-05-14 18:06:00+00:00,747.280029296875,747.3400268554688,747.02001953125,747.0700073242188,58817
2026-05-14 18:07:00+00:00,747.0985717773438,747.3099975585938,746.989990234375,747.3099975585938,54397
2026-05-14 18:08:00+00:00,747.239990234375,747.239990234375,747.030029296875,747.0900268554688,29603
2026-05-14 18:09:00+00:00,747.3200073242188,747.3400268554688,747.2098999023438,747.2550048828125,29926
2026-05-14 18:10:00+00:00,747.3599853515625,747.3900146484375,747.1599731445312,747.3499755859375,38102
2026-05-14 18:11:00+00:00,747.6699829101562,747.7999877929688,747.3499755859375,747.3599853515625,77935
2026-05-14 18:12:00+00:00,747.6599731445312,747.75,747.5800170898438,747.6290893554688,80163
2026-05-14 18:13:00+00:00,747.5800170898438,747.6900024414062,747.5399780273438,747.6599731445312,46419
2026-05-14 18:14:00+00:00,747.8099975585938,747.8400268554688,747.594970703125,747.5999755859375,159960
2026-05-14 18:15:00+00:00,748.010009765625,748.02001953125,747.780029296875,747.8200073242188,74528
2026-05-14 18:16:00+00:00,747.8499755859375,748.10498046875,747.8200073242188,748.010009765625,72770
2026-05-14 18:17:00+00:00,747.8800048828125,747.97998046875,747.77001953125,747.844970703125,41719
2026-05-14 18:18:00+00:00,748.0399780273438,748.0399780273438,747.8800048828125,747.9099731445312,200719
2026-05-14 18:19:00+00:00,748.2453002929688,748.2899780273438,748.010009765625,748.0399780273438,84937
2026-05-14 18:20:00+00:00,748.1599731445312,748.2999877929688,748.0900268554688,748.260009765625,48294
2026-05-14 18:21:00+00:00,748.0999755859375,748.1900024414062,748.0100708007812,748.1599731445312,81180
2026-05-14 18:22:00+00:00,748.0399780273438,748.1599731445312,748.0399780273438,748.0900268554688,69608
2026-05-14 18:23:00+00:00,747.969970703125,748.0399780273438,747.81298828125,748.030029296875,106919
2026-05-14 18:24:00+00:00,748.010009765625,748.0700073242188,747.9099731445312,747.97998046875,66232
2026-05-14 18:25:00+00:00,747.9190063476562,748.0700073242188,747.9000244140625,748.02001953125,34329
2026-05-14 18:26:00+00:00,747.6649780273438,747.9500122070312,747.60888671875,747.9099731445312,182626
2026-05-14 18:27:00+00:00,747.52001953125,747.719970703125,747.510009765625,747.6699829101562,37764
2026-05-14 18:28:00+00:00,747.489990234375,747.6400146484375,747.3699951171875,747.5399780273438,46466
2026-05-14 18:29:00+00:00,747.5599975585938,747.6400146484375,747.4550170898438,747.47998046875,45401
2026-05-14 18:30:00+00:00,747.8099975585938,747.8099975585938,747.5250244140625,747.5499877929688,50075
2026-05-14 18:31:00+00:00,747.8300170898438,747.97998046875,747.739990234375,747.7899780273438,39670
2026-05-14 18:32:00+00:00,748.02001953125,748.030029296875,747.780029296875,747.8300170898438,53238
2026-05-14 18:33:00+00:00,748.0499877929688,748.0999755859375,747.9199829101562,748.030029296875,49212
2026-05-14 18:34:00+00:00,747.780029296875,748.0499877929688,747.780029296875,748.0499877929688,30247
2026-05-14 18:35:00+00:00,747.8900146484375,747.97998046875,747.7899780273438,747.8099975585938,32751
2026-05-14 18:36:00+00:00,747.6199951171875,747.9199829101562,747.6099853515625,747.9099731445312,55333
2026-05-14 18:37:00+00:00,747.635009765625,747.7000122070312,747.530029296875,747.6400146484375,60935
2026-05-14 18:38:00+00:00,747.8499755859375,747.8599853515625,747.6199951171875,747.6500244140625,62882
2026-05-14 18:39:00+00:00,747.7999877929688,747.8800048828125,747.7100219726562,747.8499755859375,156039
2026-05-14 18:40:00+00:00,747.4500122070312,747.8499755859375,747.4500122070312,747.7899780273438,43234
2026-05-14 18:41:00+00:00,747.719970703125,747.75,747.3599853515625,747.4000244140625,69951
2026-05-14 18:42:00+00:00,747.8400268554688,747.8699951171875,747.7150268554688,747.719970703125,51707
2026-05-14 18:43:00+00:00,747.9299926757812,747.97998046875,747.7999877929688,747.8400268554688,44264
2026-05-14 18:44:00+00:00,747.760009765625,747.9500122070312,747.760009765625,747.9249877929688,31863
2026-05-14 18:45:00+00:00,747.6500244140625,747.77001953125,747.5499877929688,747.77001953125,171035
2026-05-14 18:46:00+00:00,747.75,747.77001953125,747.5800170898438,747.6699829101562,77635
2026-05-14 18:47:00+00:00,747.9099731445312,747.9099731445312,747.6699829101562,747.77001953125,38900
2026-05-14 18:48:00+00:00,748.02001953125,748.0399780273438,747.9000244140625,747.9199829101562,58469
2026-05-14 18:49:00+00:00,748.0250244140625,748.0700073242188,748.0,748.030029296875,44566
2026-05-14 18:50:00+00:00,748.030029296875,748.0900268554688,748.0,748.030029296875,47856
2026-05-14 18:51:00+00:00,748.02001953125,748.1099853515625,747.969970703125,748.0499877929688,34887
2026-05-14 18:52:00+00:00,748.02001953125,748.1199951171875,747.989990234375,748.0399780273438,53987
2026-05-14 18:53:00+00:00,748.0,748.0150146484375,747.780029296875,748.0150146484375,59959
2026-05-14 18:54:00+00:00,747.9400024414062,748.0499877929688,747.9400024414062,748.0,47146
2026-05-14 18:55:00+00:00,748.1900024414062,748.1900024414062,747.9099731445312,747.9500122070312,115811
2026-05-14 18:56:00+00:00,748.280029296875,748.3099975585938,748.1599731445312,748.1900024414062,74135
2026-05-14 18:57:00+00:00,748.2899780273438,748.3800048828125,748.22998046875,748.2999877929688,73311
2026-05-14 18:58:00+00:00,748.260009765625,748.3499755859375,748.2086181640625,748.3200073242188,57050
2026-05-14 18:59:00+00:00,748.2999877929688,748.3300170898438,748.0800170898438,748.27001953125,67798
2026-05-14 19:00:00+00:00,748.5650024414062,748.5700073242188,748.1900024414062,748.2999877929688,76945
2026-05-14 19:01:00+00:00,748.5,748.6699829101562,748.469970703125,748.5700073242188,203175
2026-05-14 19:02:00+00:00,748.510009765625,748.5599975585938,748.3900146484375,748.510009765625,66236
2026-05-14 19:03:00+00:00,748.4299926757812,748.5399780273438,748.3599853515625,748.510009765625,59872
2026-05-14 19:04:00+00:00,748.47998046875,748.47998046875,748.3300170898438,748.4299926757812,60312
2026-05-14 19:05:00+00:00,748.52001953125,748.6099853515625,748.4199829101562,748.469970703125,85376
2026-05-14 19:06:00+00:00,748.4498901367188,748.5700073242188,748.4498901367188,748.530029296875,45750
2026-05-14 19:07:00+00:00,748.3699951171875,748.47998046875,748.3300170898438,748.4400024414062,58871
2026-05-14 19:08:00+00:00,748.4500122070312,748.4500122070312,748.219970703125,748.3599853515625,67862
2026-05-14 19:09:00+00:00,748.5900268554688,748.5900268554688,748.4299926757812,748.4500122070312,59471
2026-05-14 19:10:00+00:00,748.5549926757812,748.6599731445312,748.5499877929688,748.5999755859375,155457
2026-05-14 19:11:00+00:00,748.625,748.6699829101562,748.5499877929688,748.5549926757812,129973
2026-05-14 19:12:00+00:00,748.5166015625,748.6900024414062,748.489990234375,748.625,108467
2026-05-14 19:13:00+00:00,748.260009765625,748.5150146484375,748.239990234375,748.510009765625,92625
2026-05-14 19:14:00+00:00,748.4199829101562,748.4299926757812,748.1699829101562,748.25,71628
2026-05-14 19:15:00+00:00,748.5,748.5599975585938,748.3599853515625,748.4000244140625,69546
2026-05-14 19:16:00+00:00,748.5700073242188,748.5700073242188,748.47998046875,748.5,81498
2026-05-14 19:17:00+00:00,748.5170288085938,748.6099853515625,748.47998046875,748.5700073242188,108208
2026-05-14 19:18:00+00:00,748.489990234375,748.5800170898438,748.4199829101562,748.5250244140625,134945
2026-05-14 19:19:00+00:00,748.4299926757812,748.5499877929688,748.4000244140625,748.489990234375,73840
2026-05-14 19:20:00+00:00,748.5202026367188,748.530029296875,748.4199829101562,748.4400024414062,58422
2026-05-14 19:21:00+00:00,748.5700073242188,748.6199951171875,748.4650268554688,748.530029296875,68030
2026-05-14 19:22:00+00:00,748.6300048828125,748.6300048828125,748.510009765625,748.5599975585938,67471
2026-05-14 19:23:00+00:00,748.4500122070312,748.6599731445312,748.4400024414062,748.6400146484375,127517
2026-05-14 19:24:00+00:00,748.4299926757812,748.4550170898438,748.3200073242188,748.4500122070312,82965
2026-05-14 19:25:00+00:00,748.4600219726562,748.489990234375,748.3499755859375,748.4299926757812,73126
2026-05-14 19:26:00+00:00,748.4149780273438,748.469970703125,748.3800048828125,748.469970703125,57097
2026-05-14 19:27:00+00:00,748.3400268554688,748.469970703125,748.2899780273438,748.4149780273438,84026
2026-05-14 19:28:00+00:00,748.1799926757812,748.4299926757812,748.1799926757812,748.3400268554688,96043
2026-05-14 19:29:00+00:00,748.0850219726562,748.2999877929688,748.030029296875,748.1699829101562,115250
2026-05-14 19:30:00+00:00,748.3400268554688,748.3400268554688,747.97998046875,748.0800170898438,117276
2026-05-14 19:31:00+00:00,748.4650268554688,748.530029296875,748.2999877929688,748.3300170898438,158725
2026-05-14 19:32:00+00:00,748.4650268554688,748.5499877929688,748.4099731445312,748.4650268554688,112150
2026-05-14 19:33:00+00:00,748.469970703125,748.5399780273438,748.4299926757812,748.4600219726562,61777
2026-05-14 19:34:00+00:00,748.330078125,748.489990234375,748.3101196289062,748.47998046875,135005
2026-05-14 19:35:00+00:00,748.1500244140625,748.3300170898438,748.0900268554688,748.3300170898438,89390
2026-05-14 19:36:00+00:00,748.3800048828125,748.3900146484375,748.1500244140625,748.1500244140625,57879
2026-05-14 19:37:00+00:00,748.5,748.5399780273438,748.3699951171875,748.3699951171875,105361
2026-05-14 19:38:00+00:00,748.4000854492188,748.5349731445312,748.364990234375,748.5,90152
2026-05-14 19:39:00+00:00,748.4000854492188,748.5,748.3699951171875,748.4099731445312,97356
2026-05-14 19:40:00+00:00,748.60498046875,748.6300048828125,748.4000244140625,748.4000244140625,181797
2026-05-14 19:41:00+00:00,748.4849853515625,748.6099853515625,748.4400024414062,748.5999755859375,115545
2026-05-14 19:42:00+00:00,748.5399780273438,748.6799926757812,748.4600219726562,748.5,145965
2026-05-14 19:43:00+00:00,748.3699951171875,748.5449829101562,748.3499755859375,748.5399780273438,101333
2026-05-14 19:44:00+00:00,748.5206909179688,748.5499877929688,748.3300170898438,748.3800048828125,123101
2026-05-14 19:45:00+00:00,748.2550048828125,748.52001953125,748.25,748.52001953125,132269
2026-05-14 19:46:00+00:00,748.4400024414062,748.47998046875,748.239990234375,748.2550048828125,157110
2026-05-14 19:47:00+00:00,748.52001953125,748.5349731445312,748.4299926757812,748.4400024414062,106700
2026-05-14 19:48:00+00:00,748.5999755859375,748.6099853515625,748.5,748.52001953125,129955
2026-05-14 19:49:00+00:00,748.3300170898438,748.6400146484375,748.3300170898438,748.5999755859375,191067
2026-05-14 19:50:00+00:00,747.968017578125,748.4600219726562,747.9600219726562,748.3300170898438,587082
2026-05-14 19:51:00+00:00,747.8250122070312,748.030029296875,747.8099975585938,747.969970703125,693297
2026-05-14 19:52:00+00:00,748.0,748.1199951171875,747.8250122070312,747.8300170898438,318741
2026-05-14 19:53:00+00:00,748.2050170898438,748.2100219726562,747.989990234375,748.010009765625,151374
2026-05-14 19:54:00+00:00,748.1649780273438,748.2150268554688,748.0499877929688,748.2050170898438,156752
2026-05-14 19:55:00+00:00,748.02001953125,748.1900024414062,747.8599853515625,748.1699829101562,165754
2026-05-14 19:56:00+00:00,747.9400024414062,748.0050048828125,747.8300170898438,748.0,153683
2026-05-14 19:57:00+00:00,747.8900146484375,748.0399780273438,747.8599853515625,747.9400024414062,329335
2026-05-14 19:58:00+00:00,747.8300170898438,747.9000244140625,747.8099975585938,747.8900146484375,423098
2026-05-14 19:59:00+00:00,748.0800170898438,748.2100219726562,747.780029296875,747.8350219726562,1437568
2026-05-15 13:30:00+00:00,741.010009765625,741.9299926757812,740.8800048828125,741.7899780273438,2671227
2026-05-15 13:31:00+00:00,740.75,740.969970703125,740.27001953125,740.969970703125,215630
2026-05-15 13:32:00+00:00,740.2050170898438,740.8499755859375,740.1500244140625,740.739990234375,286700
2026-05-15 13:33:00+00:00,739.47998046875,740.2000122070312,739.3599853515625,740.2000122070312,299596
2026-05-15 13:34:00+00:00,740.1699829101562,740.22998046875,739.3099975585938,739.469970703125,239322
2026-05-15 13:35:00+00:00,739.6500244140625,740.2100219726562,739.6500244140625,740.1699829101562,347865
2026-05-15 13:36:00+00:00,739.5999755859375,740.114990234375,739.52001953125,739.6199951171875,196856
2026-05-15 13:37:00+00:00,739.2100219726562,739.760009765625,739.1199951171875,739.6300048828125,120747
2026-05-15 13:38:00+00:00,739.1400146484375,739.3599853515625,739.0599975585938,739.1300048828125,148798
2026-05-15 13:39:00+00:00,739.1599731445312,739.469970703125,739.114990234375,739.1300048828125,124001
2026-05-15 13:40:00+00:00,740.0599975585938,740.0999145507812,739.0399780273438,739.1599731445312,241596
2026-05-15 13:41:00+00:00,739.7000122070312,740.0599975585938,739.2949829101562,740.0599975585938,144824
2026-05-15 13:42:00+00:00,739.1649780273438,739.7789916992188,739.0499877929688,739.6900024414062,198267
2026-05-15 13:43:00+00:00,739.030029296875,739.3499755859375,738.9500122070312,739.1998901367188,156636
2026-05-15 13:44:00+00:00,738.6599731445312,739.1599731445312,738.6199951171875,739.0775146484375,88665
2026-05-15 13:45:00+00:00,738.3400268554688,738.7899780273438,738.0599975585938,738.6599731445312,289891
2026-05-15 13:46:00+00:00,738.0700073242188,738.6699829101562,738.030029296875,738.3400268554688,230847
2026-05-15 13:47:00+00:00,738.6099853515625,738.719970703125,737.9600219726562,738.0800170898438,158657
2026-05-15 13:48:00+00:00,739.280029296875,739.390380859375,738.5999755859375,738.6699829101562,213462
2026-05-15 13:49:00+00:00,739.6500244140625,739.6749877929688,739.0999755859375,739.27001953125,158695
2026-05-15 13:50:00+00:00,739.469970703125,739.9299926757812,739.22998046875,739.6500244140625,177488
2026-05-15 13:51:00+00:00,738.97998046875,739.5499877929688,738.8250122070312,739.469970703125,110123
2026-05-15 13:52:00+00:00,739.719970703125,739.77001953125,738.9500122070312,738.989990234375,124367
2026-05-15 13:53:00+00:00,739.9099731445312,740.0469970703125,739.719970703125,739.760009765625,200052
2026-05-15 13:54:00+00:00,740.4349975585938,740.7000122070312,739.8800048828125,739.9000244140625,125608
2026-05-15 13:55:00+00:00,740.7789916992188,740.7899780273438,740.4000244140625,740.4500122070312,269085
2026-05-15 13:56:00+00:00,740.6199951171875,741.0,740.489990234375,740.780029296875,166885
2026-05-15 13:57:00+00:00,739.8599853515625,740.6099853515625,739.8599853515625,740.6099853515625,133416
2026-05-15 13:58:00+00:00,739.1900024414062,739.8599853515625,739.0700073242188,739.8599853515625,245320
2026-05-15 13:59:00+00:00,739.1699829101562,739.3599853515625,738.989990234375,739.2000122070312,161020
2026-05-15 14:00:00+00:00,739.2999877929688,739.3800048828125,738.969970703125,739.1500244140625,159969
2026-05-15 14:01:00+00:00,739.5800170898438,739.6799926757812,739.239990234375,739.3099975585938,91963
2026-05-15 14:02:00+00:00,739.989990234375,740.0599975585938,739.5499877929688,739.5800170898438,106477
2026-05-15 14:03:00+00:00,739.3900146484375,740.02001953125,739.239990234375,739.97998046875,96611
2026-05-15 14:04:00+00:00,739.4099731445312,739.7100219726562,739.0599975585938,739.3599853515625,98948
2026-05-15 14:05:00+00:00,739.5399780273438,739.6900024414062,739.1699829101562,739.4000244140625,81840
2026-05-15 14:06:00+00:00,739.4000244140625,739.719970703125,739.3200073242188,739.5750122070312,92952
2026-05-15 14:07:00+00:00,739.52001953125,739.6190185546875,739.3300170898438,739.405029296875,54693
2026-05-15 14:08:00+00:00,739.9290161132812,739.97998046875,739.4099731445312,739.5499877929688,566377
2026-05-15 14:09:00+00:00,739.6900024414062,740.0999755859375,739.6699829101562,739.9299926757812,151827
2026-05-15 14:10:00+00:00,740.239990234375,740.239990234375,739.6900024414062,739.719970703125,108143
2026-05-15 14:11:00+00:00,740.0399780273438,740.27001953125,739.5499877929688,740.2487182617188,105814
2026-05-15 14:12:00+00:00,740.530029296875,740.5800170898438,740.010009765625,740.010009765625,111974
2026-05-15 14:13:00+00:00,740.7100219726562,740.969970703125,740.5399780273438,740.5490112304688,123296
2026-05-15 14:14:00+00:00,741.1199951171875,741.1500244140625,740.6300048828125,740.6400146484375,119088
2026-05-15 14:15:00+00:00,741.3099975585938,741.4099731445312,740.7899780273438,741.1199951171875,130498
2026-05-15 14:16:00+00:00,741.5850219726562,741.5999755859375,741.2999877929688,741.3099975585938,100623
2026-05-15 14:17:00+00:00,741.7000122070312,741.8099975585938,741.530029296875,741.5889892578125,155123
2026-05-15 14:18:00+00:00,742.0700073242188,742.1900024414062,741.6989135742188,741.6989135742188,110324
2026-05-15 14:19:00+00:00,741.989990234375,742.1900024414062,741.7899780273438,742.0501098632812,117710
2026-05-15 14:20:00+00:00,742.2979736328125,742.3200073242188,741.9099731445312,742.010009765625,112996
2026-05-15 14:21:00+00:00,742.3300170898438,742.6699829101562,742.2890014648438,742.2899780273438,171170
2026-05-15 14:22:00+00:00,742.2999877929688,742.6099853515625,742.22998046875,742.3300170898438,115989
2026-05-15 14:23:00+00:00,742.3499755859375,742.6799926757812,742.280029296875,742.280029296875,175007
2026-05-15 14:24:00+00:00,741.885009765625,742.3900146484375,741.844970703125,742.3499755859375,95553
2026-05-15 14:25:00+00:00,741.6599731445312,741.9500122070312,741.47998046875,741.8699951171875,209744
2026-05-15 14:26:00+00:00,741.3800048828125,741.8200073242188,741.1900024414062,741.6599731445312,112403
2026-05-15 14:27:00+00:00,741.2100219726562,741.3699951171875,741.0399780273438,741.3699951171875,147071
2026-05-15 14:28:00+00:00,741.4199829101562,741.5,741.0399780273438,741.1699829101562,64499
2026-05-15 14:29:00+00:00,741.1300048828125,741.4249877929688,740.8200073242188,741.4000244140625,1072726
2026-05-15 14:30:00+00:00,741.5,741.6699829101562,741.0599975585938,741.1500244140625,106681
2026-05-15 14:31:00+00:00,741.5700073242188,741.77001953125,741.3800048828125,741.4500122070312,67866
2026-05-15 14:32:00+00:00,741.280029296875,741.7000122070312,741.260009765625,741.5599975585938,107375
2026-05-15 14:33:00+00:00,741.469970703125,741.7000122070312,741.27001953125,741.2800903320312,82268
2026-05-15 14:34:00+00:00,742.0900268554688,742.1199951171875,741.4199829101562,741.4500122070312,85858
2026-05-15 14:35:00+00:00,741.9199829101562,742.2100219726562,741.9099731445312,742.0999755859375,80353
2026-05-15 14:36:00+00:00,741.8400268554688,742.0900268554688,741.5599975585938,741.9299926757812,62428
2026-05-15 14:37:00+00:00,741.9500122070312,742.2100219726562,741.75,741.8400268554688,68994
2026-05-15 14:38:00+00:00,742.2100219726562,742.219970703125,741.9199829101562,741.9400024414062,54112
2026-05-15 14:39:00+00:00,741.8900146484375,742.280029296875,741.8699951171875,742.219970703125,97381
2026-05-15 14:40:00+00:00,742.1599731445312,742.22998046875,741.8499755859375,741.864990234375,43440
2026-05-15 14:41:00+00:00,741.8200073242188,742.2100219726562,741.72998046875,742.1799926757812,216236
2026-05-15 14:42:00+00:00,741.9600219726562,742.030029296875,741.6599731445312,741.8200073242188,85972
2026-05-15 14:43:00+00:00,741.9498901367188,742.0490112304688,741.8900146484375,741.9600219726562,51204
2026-05-15 14:44:00+00:00,742.0499877929688,742.0700073242188,741.6900024414062,741.9299926757812,37585
2026-05-15 14:45:00+00:00,741.5795288085938,742.1300048828125,741.5499877929688,742.0499877929688,58686
2026-05-15 14:46:00+00:00,741.0499877929688,741.6900024414062,741.010009765625,741.5800170898438,120500
2026-05-15 14:47:00+00:00,741.22998046875,741.52001953125,740.8699951171875,741.0399780273438,99804
2026-05-15 14:48:00+00:00,741.114990234375,741.27001953125,740.9400024414062,741.22998046875,88442
2026-05-15 14:49:00+00:00,741.10498046875,741.2100219726562,740.9199829101562,741.1300048828125,86641
2026-05-15 14:50:00+00:00,740.9400024414062,741.1400146484375,740.4500122070312,741.1400146484375,105115
2026-05-15 14:51:00+00:00,740.64501953125,741.030029296875,740.5999145507812,740.9749755859375,128526
2026-05-15 14:52:00+00:00,740.739990234375,740.8599853515625,740.3699951171875,740.6400146484375,86229
2026-05-15 14:53:00+00:00,740.780029296875,741.1199951171875,740.719970703125,740.760009765625,106848
2026-05-15 14:54:00+00:00,741.4401245117188,741.489990234375,740.77001953125,740.7899780273438,65091
2026-05-15 14:55:00+00:00,741.3699951171875,741.7000122070312,741.1400146484375,741.4500122070312,117635
2026-05-15 14:56:00+00:00,741.635009765625,741.6400146484375,741.3099975585938,741.3599853515625,51038
2026-05-15 14:57:00+00:00,741.3699951171875,741.6699829101562,741.3099975585938,741.6340942382812,43829
2026-05-15 14:58:00+00:00,741.260009765625,741.4199829101562,741.02001953125,741.4000244140625,54965
2026-05-15 14:59:00+00:00,740.969970703125,741.280029296875,740.875,741.260009765625,73262
2026-05-15 15:00:00+00:00,741.0599975585938,741.219970703125,740.8729858398438,740.97998046875,60254
2026-05-15 15:01:00+00:00,741.0590209960938,741.469970703125,741.030029296875,741.0700073242188,65647
2026-05-15 15:02:00+00:00,740.6400146484375,741.1699829101562,740.5399780273438,741.02001953125,75523
2026-05-15 15:03:00+00:00,740.780029296875,740.8298950195312,740.3800048828125,740.6300048828125,73441
2026-05-15 15:04:00+00:00,740.7849731445312,741.0700073242188,740.7100219726562,740.77001953125,60954
2026-05-15 15:05:00+00:00,740.6900024414062,740.8200073242188,740.588623046875,740.7899780273438,61337
2026-05-15 15:06:00+00:00,740.4099731445312,740.8099975585938,740.3900146484375,740.7100219726562,59141
2026-05-15 15:07:00+00:00,740.27001953125,740.4498901367188,740.1799926757812,740.4000244140625,339225
2026-05-15 15:08:00+00:00,740.6099853515625,740.75,740.1400146484375,740.260009765625,66617
2026-05-15 15:09:00+00:00,741.3200073242188,741.3350219726562,740.5,740.5999755859375,58348
2026-05-15 15:10:00+00:00,741.3400268554688,741.4199829101562,741.1699829101562,741.3599853515625,62319
2026-05-15 15:11:00+00:00,740.97998046875,741.3800048828125,740.72998046875,741.3300170898438,74565
2026-05-15 15:12:00+00:00,740.8400268554688,740.989990234375,740.64501953125,740.9500122070312,35528
2026-05-15 15:13:00+00:00,741.10009765625,741.159912109375,740.8300170898438,740.8300170898438,530107
2026-05-15 15:14:00+00:00,740.9000244140625,741.1300048828125,740.530029296875,741.0999755859375,52025
2026-05-15 15:15:00+00:00,740.780029296875,741.02001953125,740.72998046875,740.8800048828125,42443
2026-05-15 15:16:00+00:00,741.0399780273438,741.1849975585938,740.8099975585938,740.8200073242188,46935
2026-05-15 15:17:00+00:00,741.25,741.3699951171875,740.9099731445312,741.0599975585938,54097
2026-05-15 15:18:00+00:00,741.25,741.3399047851562,741.1209716796875,741.280029296875,242755
2026-05-15 15:19:00+00:00,741.25,741.3499755859375,741.1649780273438,741.25,33261
2026-05-15 15:20:00+00:00,741.6500244140625,741.6699829101562,741.280029296875,741.280029296875,104721
2026-05-15 15:21:00+00:00,741.60498046875,741.7800903320312,741.5499877929688,741.6799926757812,30841
2026-05-15 15:22:00+00:00,741.6500244140625,741.780029296875,741.6099853515625,741.6204833984375,37785
2026-05-15 15:23:00+00:00,741.3300170898438,741.75,741.239990234375,741.6500244140625,75359
2026-05-15 15:24:00+00:00,741.260009765625,741.4099731445312,741.1599731445312,741.3200073242188,37176
2026-05-15 15:25:00+00:00,740.8900146484375,741.3599853515625,740.780029296875,741.2849731445312,66177
2026-05-15 15:26:00+00:00,741.27001953125,741.3599853515625,740.8200073242188,740.8800048828125,62393
2026-05-15 15:27:00+00:00,741.22900390625,741.4500122070312,741.1799926757812,741.280029296875,38695
2026-05-15 15:28:00+00:00,740.9099731445312,741.2999877929688,740.8300170898438,741.2449951171875,70510
2026-05-15 15:29:00+00:00,741.219970703125,741.260009765625,740.8699951171875,740.9199829101562,60703
2026-05-15 15:30:00+00:00,741.6699829101562,741.7000122070312,741.25,741.260009765625,72399
2026-05-15 15:31:00+00:00,741.8399047851562,741.8400268554688,741.60009765625,741.6799926757812,69960
2026-05-15 15:32:00+00:00,741.8300170898438,741.9500122070312,741.75,741.7899780273438,57754
2026-05-15 15:33:00+00:00,741.4199829101562,741.9000244140625,741.3599853515625,741.8200073242188,95725
2026-05-15 15:34:00+00:00,741.3599853515625,741.7000122070312,741.3300170898438,741.4000244140625,55747
2026-05-15 15:35:00+00:00,741.530029296875,741.5999755859375,741.239990234375,741.3300170898438,118646
2026-05-15 15:36:00+00:00,741.3499755859375,741.8900146484375,741.3499755859375,741.5399780273438,60915
2026-05-15 15:37:00+00:00,741.6699829101562,741.7449951171875,741.3599853515625,741.3800048828125,80224
2026-05-15 15:38:00+00:00,741.510009765625,741.7100219726562,741.4500122070312,741.7000122070312,39730
2026-05-15 15:39:00+00:00,741.0700073242188,741.6199951171875,741.0399780273438,741.52001953125,0
2026-05-15 15:40:00+00:00,741.22998046875,741.2999877929688,740.830078125,741.0399780273438,82746
2026-05-15 15:41:00+00:00,741.1799926757812,741.3099975585938,740.9500122070312,741.25,56042
2026-05-15 15:42:00+00:00,740.9400024414062,741.260009765625,740.8699951171875,741.1799926757812,44410
2026-05-15 15:43:00+00:00,740.5800170898438,740.97998046875,740.3800048828125,740.9265747070312,61966
2026-05-15 15:44:00+00:00,740.1380004882812,740.6099853515625,739.8699951171875,740.5700073242188,182505
2026-05-15 15:45:00+00:00,740.219970703125,740.3099975585938,739.8499755859375,740.1400146484375,66774
2026-05-15 15:46:00+00:00,740.239990234375,740.3800048828125,740.1799926757812,740.22998046875,143516
2026-05-15 15:47:00+00:00,739.9000244140625,740.3599853515625,739.9000244140625,740.3200073242188,60119
2026-05-15 15:48:00+00:00,740.219970703125,740.3400268554688,739.8599853515625,739.8800048828125,33741
2026-05-15 15:49:00+00:00,739.9099731445312,740.2100219726562,739.760009765625,740.1599731445312,48680
2026-05-15 15:50:00+00:00,739.7999877929688,739.9000244140625,739.4400024414062,739.8800048828125,63189
2026-05-15 15:51:00+00:00,739.5900268554688,739.8900146484375,739.5399780273438,739.7899780273438,98013
2026-05-15 15:52:00+00:00,739.6900024414062,739.8400268554688,739.530029296875,739.5900268554688,67865
2026-05-15 15:53:00+00:00,739.3800048828125,739.72998046875,739.2999877929688,739.7000122070312,77874
2026-05-15 15:54:00+00:00,739.5399780273438,739.5700073242188,739.3300170898438,739.39501953125,56940
2026-05-15 15:55:00+00:00,739.5800170898438,739.6599731445312,739.1099853515625,739.47998046875,113855
2026-05-15 15:56:00+00:00,739.8499755859375,739.8499755859375,739.4450073242188,739.5900268554688,83934
2026-05-15 15:57:00+00:00,739.6799926757812,740.0700073242188,739.530029296875,739.8900146484375,86387
2026-05-15 15:58:00+00:00,740.14501953125,740.14501953125,739.6900024414062,739.6900024414062,46334
2026-05-15 15:59:00+00:00,740.2799072265625,740.3699951171875,740.0999755859375,740.1599731445312,105649
2026-05-15 16:00:00+00:00,740.3800048828125,740.4600219726562,740.1900024414062,740.2899780273438,80060
2026-05-15 16:01:00+00:00,740.47998046875,740.52001953125,740.260009765625,740.3800048828125,43115
2026-05-15 16:02:00+00:00,740.5900268554688,740.5900268554688,740.4000244140625,740.469970703125,101847
2026-05-15 16:03:00+00:00,740.1099853515625,740.6500244140625,740.030029296875,740.594970703125,145472
2026-05-15 16:04:00+00:00,739.97998046875,740.1900024414062,739.8099975585938,740.0800170898438,64021
2026-05-15 16:05:00+00:00,740.1099853515625,740.1300048828125,739.780029296875,739.9500122070312,38104
2026-05-15 16:06:00+00:00,739.719970703125,740.1300048828125,739.6900024414062,740.0709228515625,49525
2026-05-15 16:07:00+00:00,739.989990234375,740.02001953125,739.719970703125,739.719970703125,37803
2026-05-15 16:08:00+00:00,740.3200073242188,740.3699951171875,739.969970703125,739.97998046875,35580
2026-05-15 16:09:00+00:00,740.3499755859375,740.4500122070312,740.2449951171875,740.2949829101562,26103
2026-05-15 16:10:00+00:00,739.9600219726562,740.4000244140625,739.9600219726562,740.3599853515625,68917
2026-05-15 16:11:00+00:00,739.9000244140625,740.0800170898438,739.7224731445312,739.969970703125,47231
2026-05-15 16:12:00+00:00,739.885009765625,739.9600219726562,739.760009765625,739.8699951171875,31088
2026-05-15 16:13:00+00:00,740.0499877929688,740.0700073242188,739.9349975585938,739.9600219726562,40213
2026-05-15 16:14:00+00:00,740.4199829101562,740.4400024414062,740.0499877929688,740.0800170898438,29618
2026-05-15 16:15:00+00:00,740.1199951171875,740.4099731445312,740.0900268554688,740.4099731445312,44906
2026-05-15 16:16:00+00:00,740.0549926757812,740.25,740.0,740.136474609375,30922
2026-05-15 16:17:00+00:00,740.1500244140625,740.1500244140625,739.85498046875,740.0900268554688,59844
2026-05-15 16:18:00+00:00,740.239990234375,740.25,740.0800170898438,740.1500244140625,24269
2026-05-15 16:19:00+00:00,740.280029296875,740.3499755859375,740.1201171875,740.22998046875,33418
2026-05-15 16:20:00+00:00,740.469970703125,740.47998046875,740.2100219726562,740.280029296875,41513
2026-05-15 16:21:00+00:00,740.6599731445312,740.7598876953125,740.4600219726562,740.4600219726562,52248
2026-05-15 16:22:00+00:00,740.9000244140625,740.9099731445312,740.6099853515625,740.6300048828125,42569
2026-05-15 16:23:00+00:00,740.9298706054688,740.9299926757812,740.6699829101562,740.8900146484375,48033
2026-05-15 16:24:00+00:00,741.1500244140625,741.22998046875,740.8900146484375,740.9299926757812,65275
2026-05-15 16:25:00+00:00,741.1199951171875,741.3699951171875,740.8699951171875,741.1300048828125,4465422
2026-05-15 16:26:00+00:00,741.030029296875,741.1500244140625,740.969970703125,741.1199951171875,45655
2026-05-15 16:27:00+00:00,741.280029296875,741.280029296875,741.0,741.0399780273438,36449
2026-05-15 16:28:00+00:00,741.1190185546875,741.3699951171875,741.0900268554688,741.2999267578125,63480
2026-05-15 16:29:00+00:00,741.3099975585938,741.3099975585938,741.010009765625,741.1300048828125,47204
2026-05-15 16:30:00+00:00,741.22998046875,741.4099731445312,741.030029296875,741.3200073242188,58917
2026-05-15 16:31:00+00:00,741.3900146484375,741.469970703125,741.22998046875,741.22998046875,346595
2026-05-15 16:32:00+00:00,741.3900146484375,741.4600219726562,741.2349853515625,741.3900146484375,46841
2026-05-15 16:33:00+00:00,741.3350219726562,741.4400024414062,741.2891235351562,741.3900146484375,36863
2026-05-15 16:34:00+00:00,741.4099731445312,741.4400024414062,741.3099975585938,741.3300170898438,37038
2026-05-15 16:35:00+00:00,741.1300048828125,741.4400024414062,741.0800170898438,741.4099731445312,40140
2026-05-15 16:36:00+00:00,741.2000122070312,741.3300170898438,741.1300048828125,741.135009765625,38930
2026-05-15 16:37:00+00:00,741.25,741.2999877929688,741.0599975585938,741.1900024414062,33763
2026-05-15 16:38:00+00:00,741.114990234375,741.3099975585938,741.0900268554688,741.260009765625,29207
2026-05-15 16:39:00+00:00,741.3150024414062,741.3300170898438,741.0850219726562,741.0999755859375,33681
2026-05-15 16:40:00+00:00,741.1599731445312,741.3900146484375,741.1599731445312,741.3599853515625,43763
2026-05-15 16:41:00+00:00,741.1500854492188,741.239990234375,741.1300048828125,741.1900024414062,35272
2026-05-15 16:42:00+00:00,741.260009765625,741.4298706054688,741.0499877929688,741.1500244140625,38597
2026-05-15 16:43:00+00:00,741.3800048828125,741.4000244140625,741.2349853515625,741.2349853515625,32567
2026-05-15 16:44:00+00:00,741.5599975585938,741.59912109375,741.3300170898438,741.3800048828125,51294
2026-05-15 16:45:00+00:00,741.6199951171875,741.635009765625,741.3699951171875,741.5700073242188,52668
2026-05-15 16:46:00+00:00,741.3300170898438,741.6699829101562,741.3300170898438,741.6099853515625,35583
2026-05-15 16:47:00+00:00,741.6799926757812,741.6900024414062,741.35498046875,741.3599853515625,38070
2026-05-15 16:48:00+00:00,741.5349731445312,741.7000122070312,741.489990234375,741.6799926757812,31666
2026-05-15 16:49:00+00:00,741.3599853515625,741.5800170898438,741.3599853515625,741.5399780273438,32639
2026-05-15 16:50:00+00:00,741.4749755859375,741.5999755859375,741.3499755859375,741.3599853515625,29404
2026-05-15 16:51:00+00:00,741.2750244140625,741.538818359375,741.239990234375,741.4600219726562,22758
2026-05-15 16:52:00+00:00,740.9299926757812,741.3400268554688,740.9299926757812,741.27001953125,63550
2026-05-15 16:53:00+00:00,740.6849975585938,740.9299926757812,740.6300048828125,740.9199829101562,81439
2026-05-15 16:54:00+00:00,740.3800048828125,740.7999877929688,740.2650146484375,740.6699829101562,56762
2026-05-15 16:55:00+00:00,740.8499755859375,740.89990234375,740.3599853515625,740.3800048828125,37968
2026-05-15 16:56:00+00:00,740.9400024414062,740.97998046875,740.7449951171875,740.844970703125,28269
2026-05-15 16:57:00+00:00,741.0399780273438,741.1400146484375,740.9100952148438,740.9650268554688,34093
2026-05-15 16:58:00+00:00,740.6900024414062,741.10498046875,740.6500244140625,741.0399780273438,36121
2026-05-15 16:59:00+00:00,740.9600219726562,741.010009765625,740.655029296875,740.6699829101562,22670
2026-05-15 17:00:00+00:00,740.8900146484375,740.97998046875,740.6849975585938,740.9749755859375,26853
2026-05-15 17:01:00+00:00,740.8900146484375,740.97998046875,740.719970703125,740.8900146484375,35918
2026-05-15 17:02:00+00:00,741.10498046875,741.1699829101562,740.9000244140625,740.9400024414062,35405
2026-05-15 17:03:00+00:00,740.989990234375,741.1599731445312,740.8699951171875,741.1500244140625,25816
2026-05-15 17:04:00+00:00,741.1099853515625,741.1790771484375,740.9099731445312,740.969970703125,42350
2026-05-15 17:05:00+00:00,741.3098754882812,741.3200073242188,740.97998046875,741.0698852539062,31862
2026-05-15 17:06:00+00:00,741.6300048828125,741.6699829101562,741.2999877929688,741.3099975585938,50748
2026-05-15 17:07:00+00:00,741.4600219726562,741.6400146484375,741.3800048828125,741.6400146484375,28742
2026-05-15 17:08:00+00:00,741.5499877929688,741.5900268554688,741.4299926757812,741.4439697265625,22547
2026-05-15 17:09:00+00:00,741.5700073242188,741.5900268554688,741.4199829101562,741.5401000976562,29971
2026-05-15 17:10:00+00:00,741.6400146484375,741.7100219726562,741.5109252929688,741.5599975585938,37914
2026-05-15 17:11:00+00:00,741.6699829101562,741.6699829101562,741.5399780273438,741.635009765625,30401
2026-05-15 17:12:00+00:00,741.75,741.75,741.5399780273438,741.7100219726562,36264
2026-05-15 17:13:00+00:00,741.510009765625,741.739990234375,741.4450073242188,741.739990234375,30541
2026-05-15 17:14:00+00:00,741.6599731445312,741.6900024414062,741.47998046875,741.5349731445312,26856
2026-05-15 17:15:00+00:00,741.3800048828125,741.6900024414062,741.3400268554688,741.6599731445312,34179
2026-05-15 17:16:00+00:00,741.3441162109375,741.510009765625,741.3157958984375,741.3800048828125,45518
2026-05-15 17:17:00+00:00,741.3699951171875,741.4299926757812,741.260009765625,741.3400268554688,33271
2026-05-15 17:18:00+00:00,741.5599975585938,741.5599975585938,741.3499755859375,741.3499755859375,41196
2026-05-15 17:19:00+00:00,741.780029296875,741.780029296875,741.4500122070312,741.5900268554688,32648
2026-05-15 17:20:00+00:00,741.885009765625,741.927978515625,741.6900024414062,741.780029296875,186994
2026-05-15 17:21:00+00:00,742.02001953125,742.0900268554688,741.9000244140625,741.9199829101562,28173
2026-05-15 17:22:00+00:00,742.189697265625,742.2000122070312,741.830810546875,742.030029296875,78578
2026-05-15 17:23:00+00:00,742.25,742.3200073242188,742.1599731445312,742.1849975585938,69391
2026-05-15 17:24:00+00:00,742.489990234375,742.5,742.239990234375,742.239990234375,68415
2026-05-15 17:25:00+00:00,742.6799926757812,742.760009765625,742.47998046875,742.47998046875,55334
2026-05-15 17:26:00+00:00,742.75,742.9500122070312,742.6199951171875,742.6799926757812,75095
2026-05-15 17:27:00+00:00,742.760009765625,742.8200073242188,742.6099853515625,742.739990234375,42781
2026-05-15 17:28:00+00:00,742.780029296875,742.8400268554688,742.6900024414062,742.7705078125,55164
2026-05-15 17:29:00+00:00,742.5228271484375,742.7899780273438,742.510009765625,742.77001953125,79745
2026-05-15 17:30:00+00:00,742.719970703125,742.7299194335938,742.4600219726562,742.5399780273438,120417
2026-05-15 17:31:00+00:00,742.72998046875,742.8300170898438,742.625,742.719970703125,172194
2026-05-15 17:32:00+00:00,742.8095092773438,742.8800048828125,742.6699829101562,742.75,32588
2026-05-15 17:33:00+00:00,742.7999877929688,742.8499755859375,742.6799926757812,742.7999877929688,51299
2026-05-15 17:34:00+00:00,742.8200073242188,742.8499755859375,742.780029296875,742.8150024414062,72973
2026-05-15 17:35:00+00:00,742.8300170898438,742.8699951171875,742.719970703125,742.8300170898438,65524
2026-05-15 17:36:00+00:00,742.72998046875,742.8699951171875,742.6300048828125,742.8400268554688,61458
2026-05-15 17:37:00+00:00,742.5599975585938,742.7949829101562,742.5399780273438,742.7218017578125,79857
2026-05-15 17:38:00+00:00,742.5399780273438,742.6300048828125,742.3599853515625,742.5750122070312,92337
2026-05-15 17:39:00+00:00,742.6300048828125,742.6400146484375,742.4600219726562,742.5449829101562,75791
2026-05-15 17:40:00+00:00,742.489990234375,742.7000122070312,742.4600219726562,742.6500244140625,35032
2026-05-15 17:41:00+00:00,742.1400146484375,742.510009765625,742.1099853515625,742.489990234375,107602
2026-05-15 17:42:00+00:00,742.3499755859375,742.364990234375,742.0599975585938,742.1300048828125,69672
2026-05-15 17:43:00+00:00,742.5250244140625,742.5700073242188,742.3499755859375,742.3499755859375,28220
2026-05-15 17:44:00+00:00,742.4299926757812,742.5399780273438,742.4260864257812,742.530029296875,40469
2026-05-15 17:45:00+00:00,742.5700073242188,742.625,742.4199829101562,742.4400024414062,48577
2026-05-15 17:46:00+00:00,742.4299926757812,742.5999755859375,742.4299926757812,742.5499877929688,30568
2026-05-15 17:47:00+00:00,742.469970703125,742.5,742.280029296875,742.4299926757812,47375
2026-05-15 17:48:00+00:00,742.3400268554688,742.5599975585938,742.3400268554688,742.4600219726562,41900
2026-05-15 17:49:00+00:00,742.3300170898438,742.4099731445312,742.2449951171875,742.3400268554688,41159
2026-05-15 17:50:00+00:00,742.4700927734375,742.489990234375,742.3200073242188,742.3300170898438,35139
2026-05-15 17:51:00+00:00,742.625,742.6900024414062,742.469970703125,742.489990234375,56637
2026-05-15 17:52:00+00:00,742.5599975585938,742.7100219726562,742.4600219726562,742.625,43830
2026-05-15 17:53:00+00:00,742.6699829101562,742.72998046875,742.530029296875,742.5599975585938,33466
2026-05-15 17:54:00+00:00,742.6784057617188,742.719970703125,742.6199951171875,742.6699829101562,36517
2026-05-15 17:55:00+00:00,742.7000122070312,742.7000122070312,742.6099853515625,742.6749877929688,31894
2026-05-15 17:56:00+00:00,742.7999877929688,742.8099975585938,742.6099853515625,742.7000122070312,139554
2026-05-15 17:57:00+00:00,742.5869750976562,742.8400268554688,742.52001953125,742.7999877929688,97546
2026-05-15 17:58:00+00:00,742.8099975585938,742.8200073242188,742.5800170898438,742.5900268554688,21624
2026-05-15 17:59:00+00:00,742.9600219726562,743.0,742.77001953125,742.8200073242188,50657
2026-05-15 18:00:00+00:00,743.0499877929688,743.2000122070312,742.969970703125,742.969970703125,111995
2026-05-15 18:01:00+00:00,743.0501098632812,743.239990234375,743.0,743.0700073242188,181824
2026-05-15 18:02:00+00:00,743.0800170898438,743.1400146484375,742.9600219726562,743.0399780273438,57220
2026-05-15 18:03:00+00:00,743.1500244140625,743.1799926757812,743.030029296875,743.0900268554688,59565
2026-05-15 18:04:00+00:00,743.1099853515625,743.1599731445312,743.0700073242188,743.1599731445312,64433
2026-05-15 18:05:00+00:00,743.2750854492188,743.3200073242188,743.0750122070312,743.1099853515625,153355
2026-05-15 18:06:00+00:00,743.219970703125,743.2974243164062,743.1199951171875,743.280029296875,70557
2026-05-15 18:07:00+00:00,743.3400268554688,743.3499755859375,743.1900024414062,743.22998046875,109831
2026-05-15 18:08:00+00:00,743.1510009765625,743.4600219726562,743.1298828125,743.3400268554688,62179
2026-05-15 18:09:00+00:00,743.030029296875,743.25,742.9199829101562,743.1699829101562,69320
2026-05-15 18:10:00+00:00,743.0999755859375,743.1099853515625,742.9000244140625,743.02001953125,91561
2026-05-15 18:11:00+00:00,742.9199829101562,743.0900268554688,742.9199829101562,743.0900268554688,41418
2026-05-15 18:12:00+00:00,743.1599731445312,743.1599731445312,742.9199829101562,742.927490234375,46402
2026-05-15 18:13:00+00:00,743.1093139648438,743.1699829101562,742.9500122070312,743.1500244140625,68645
2026-05-15 18:14:00+00:00,743.0089721679688,743.1405029296875,742.9749755859375,743.0999755859375,47789
2026-05-15 18:15:00+00:00,742.7849731445312,743.0499877929688,742.7360229492188,743.0,41700
2026-05-15 18:16:00+00:00,742.5900268554688,742.9000244140625,742.5800170898438,742.7894897460938,85446
2026-05-15 18:17:00+00:00,742.5700073242188,742.7000122070312,742.5449829101562,742.5999755859375,57582
2026-05-15 18:18:00+00:00,741.9400024414062,742.5999755859375,741.719970703125,742.5399780273438,258208
2026-05-15 18:19:00+00:00,741.780029296875,742.0,741.5900268554688,741.9500122070312,139665
2026-05-15 18:20:00+00:00,742.1300048828125,742.1649780273438,741.6699829101562,741.739990234375,95825
2026-05-15 18:21:00+00:00,742.0800170898438,742.1900024414062,741.97998046875,742.1099853515625,54735
2026-05-15 18:22:00+00:00,742.3513793945312,742.4349975585938,742.0399780273438,742.0700073242188,39942
2026-05-15 18:23:00+00:00,742.5599975585938,742.5800170898438,742.280029296875,742.3900146484375,46224
2026-05-15 18:24:00+00:00,742.22998046875,742.6510009765625,742.22998046875,742.5599975585938,42807
2026-05-15 18:25:00+00:00,742.219970703125,742.4099731445312,742.1400146484375,742.219970703125,122221
2026-05-15 18:26:00+00:00,741.989990234375,742.25,741.905029296875,742.22998046875,109352
2026-05-15 18:27:00+00:00,741.77001953125,742.010009765625,741.72998046875,741.97998046875,65524
2026-05-15 18:28:00+00:00,741.6199951171875,741.8400268554688,741.5700073242188,741.760009765625,55265
2026-05-15 18:29:00+00:00,741.7100219726562,741.739990234375,741.510009765625,741.6199951171875,71210
2026-05-15 18:30:00+00:00,741.4199829101562,741.8150024414062,741.3499755859375,741.719970703125,104583
2026-05-15 18:31:00+00:00,740.7000122070312,741.4099731445312,740.7000122070312,741.4099731445312,76805
2026-05-15 18:32:00+00:00,740.969970703125,740.969970703125,740.4500122070312,740.6500244140625,114377
2026-05-15 18:33:00+00:00,740.6950073242188,740.9550170898438,740.6300048828125,740.9550170898438,58624
2026-05-15 18:34:00+00:00,740.8400268554688,740.9199829101562,740.64501953125,740.6900024414062,57085
2026-05-15 18:35:00+00:00,740.9199829101562,741.1400146484375,740.8200073242188,740.8699951171875,108112
2026-05-15 18:36:00+00:00,741.3300170898438,741.4000244140625,740.8610229492188,740.9199829101562,74435
2026-05-15 18:37:00+00:00,741.3350219726562,741.4400024414062,741.2562255859375,741.3300170898438,125828
2026-05-15 18:38:00+00:00,741.2999877929688,741.3099975585938,741.0,741.3099975585938,85842
2026-05-15 18:39:00+00:00,741.4899291992188,741.5,741.260009765625,741.3099975585938,53578
2026-05-15 18:40:00+00:00,741.1298828125,741.469970703125,741.1015014648438,741.4600219726562,61712
2026-05-15 18:41:00+00:00,741.2310791015625,741.2999267578125,741.1199951171875,741.1300048828125,33284
2026-05-15 18:42:00+00:00,741.0700073242188,741.25,740.9199829101562,741.239990234375,50481
2026-05-15 18:43:00+00:00,741.1900024414062,741.260009765625,741.0,741.0599975585938,38759
2026-05-15 18:44:00+00:00,741.385009765625,741.4199829101562,741.1199951171875,741.1900024414062,30335
2026-05-15 18:45:00+00:00,741.030029296875,741.4400024414062,740.97998046875,741.3800048828125,37735
2026-05-15 18:46:00+00:00,741.1400146484375,741.2000122070312,741.0050048828125,741.0499877929688,29962
2026-05-15 18:47:00+00:00,741.0499877929688,741.1599731445312,740.905029296875,741.1400146484375,39302
2026-05-15 18:48:00+00:00,741.1801147460938,741.219970703125,741.010009765625,741.1099853515625,33222
2026-05-15 18:49:00+00:00,741.2498779296875,741.3400268554688,741.1500244140625,741.1900024414062,44298
2026-05-15 18:50:00+00:00,741.1699829101562,741.4099731445312,741.0999755859375,741.22998046875,67842
2026-05-15 18:51:00+00:00,741.1699829101562,741.27001953125,741.0700073242188,741.1500244140625,24119
2026-05-15 18:52:00+00:00,741.364990234375,741.3699951171875,741.090087890625,741.1699829101562,52906
2026-05-15 18:53:00+00:00,741.5650024414062,741.5700073242188,741.3699951171875,741.3699951171875,44656
2026-05-15 18:54:00+00:00,741.6699829101562,741.72998046875,741.510009765625,741.5700073242188,84712
2026-05-15 18:55:00+00:00,741.8200073242188,741.8400268554688,741.530029296875,741.6699829101562,53667
2026-05-15 18:56:00+00:00,741.5850219726562,741.8699951171875,741.5700073242188,741.8200073242188,50265
2026-05-15 18:57:00+00:00,741.2899780273438,741.6500244140625,741.27001953125,741.5900268554688,88790
2026-05-15 18:58:00+00:00,741.2734985351562,741.4099731445312,741.22998046875,741.25,25533
2026-05-15 18:59:00+00:00,741.6400146484375,741.7000122070312,741.2949829101562,741.2949829101562,87038
2026-05-15 19:00:00+00:00,741.39501953125,741.75,741.3300170898438,741.635009765625,72542
2026-05-15 19:01:00+00:00,741.2899780273438,741.4450073242188,741.2849731445312,741.3800048828125,49576
2026-05-15 19:02:00+00:00,741.1500244140625,741.3599853515625,741.030029296875,741.3150024414062,115409
2026-05-15 19:03:00+00:00,741.1400146484375,741.1900024414062,741.0499877929688,741.1500244140625,44592
2026-05-15 19:04:00+00:00,740.8709106445312,741.1400146484375,740.8400268554688,741.1300048828125,53147
2026-05-15 19:05:00+00:00,741.030029296875,741.0800170898438,740.8400268554688,740.8800048828125,76020
2026-05-15 19:06:00+00:00,740.8699951171875,741.0800170898438,740.8599853515625,741.0499877929688,52123
2026-05-15 19:07:00+00:00,740.75,740.9400024414062,740.6300048828125,740.8699951171875,65619
2026-05-15 19:08:00+00:00,740.7000122070312,740.8900146484375,740.6300048828125,740.75,46511
2026-05-15 19:09:00+00:00,740.7097778320312,740.8499755859375,740.5700073242188,740.719970703125,69924
2026-05-15 19:10:00+00:00,740.5,740.7241821289062,740.4600219726562,740.7241821289062,85403
2026-05-15 19:11:00+00:00,740.4299926757812,740.6199951171875,740.3699951171875,740.489990234375,66431
2026-05-15 19:12:00+00:00,740.5599975585938,740.5999755859375,740.2899780273438,740.4199829101562,105923
2026-05-15 19:13:00+00:00,740.6300048828125,740.6649780273438,740.4600219726562,740.5599975585938,71277
2026-05-15 19:14:00+00:00,740.5800170898438,740.719970703125,740.5401000976562,740.6500244140625,34213
2026-05-15 19:15:00+00:00,740.625,740.6599731445312,740.3900146484375,740.5999755859375,61641
2026-05-15 19:16:00+00:00,740.47998046875,740.6400146484375,740.4600219726562,740.6199951171875,78892
2026-05-15 19:17:00+00:00,740.3098754882812,740.510009765625,740.219970703125,740.469970703125,100537
2026-05-15 19:18:00+00:00,740.52001953125,740.52001953125,740.0599975585938,740.2899780273438,83684
2026-05-15 19:19:00+00:00,740.4500122070312,740.6799926757812,740.4000244140625,740.5,66479
2026-05-15 19:20:00+00:00,740.510009765625,740.5399780273438,740.2999877929688,740.4600219726562,111008
2026-05-15 19:21:00+00:00,740.47998046875,740.75,740.27001953125,740.489990234375,155245
2026-05-15 19:22:00+00:00,740.6699829101562,740.7493896484375,740.3400268554688,740.47998046875,137488
2026-05-15 19:23:00+00:00,740.4000244140625,740.719970703125,740.3900146484375,740.6500244140625,50448
2026-05-15 19:24:00+00:00,740.2050170898438,740.4400024414062,740.2000122070312,740.3900146484375,94667
2026-05-15 19:25:00+00:00,740.3200073242188,740.3599853515625,740.1599731445312,740.2000122070312,117107
2026-05-15 19:26:00+00:00,740.1599731445312,740.3599853515625,740.1599731445312,740.3250122070312,1063759
2026-05-15 19:27:00+00:00,740.2550048828125,740.260009765625,740.1099853515625,740.1649780273438,69188
2026-05-15 19:28:00+00:00,740.280029296875,740.280029296875,740.1099853515625,740.260009765625,1054936
2026-05-15 19:29:00+00:00,740.1599731445312,740.3599853515625,740.1099853515625,740.2750244140625,103509
2026-05-15 19:30:00+00:00,740.47998046875,740.52001953125,740.1199951171875,740.1400146484375,71818
2026-05-15 19:31:00+00:00,740.4949951171875,740.6599731445312,740.4000244140625,740.489990234375,99473
2026-05-15 19:32:00+00:00,740.2899780273438,740.489990234375,740.2899780273438,740.489990234375,66084
2026-05-15 19:33:00+00:00,740.155029296875,740.4000244140625,740.1400146484375,740.2999877929688,84627
2026-05-15 19:34:00+00:00,740.3400268554688,740.3599853515625,740.1099853515625,740.1400146484375,87719
2026-05-15 19:35:00+00:00,740.510009765625,740.52001953125,740.0700073242188,740.3599853515625,70894
2026-05-15 19:36:00+00:00,740.6099853515625,740.6900024414062,740.3599853515625,740.489990234375,119175
2026-05-15 19:37:00+00:00,740.4500122070312,740.6099853515625,740.4299926757812,740.5999755859375,145769
2026-05-15 19:38:00+00:00,740.530029296875,740.6599731445312,740.4400024414062,740.4600219726562,62400
2026-05-15 19:39:00+00:00,740.6699829101562,740.75,740.489990234375,740.52001953125,101216
2026-05-15 19:40:00+00:00,740.6099853515625,740.8200073242188,740.4400024414062,740.6599731445312,213470
2026-05-15 19:41:00+00:00,740.77001953125,740.8200073242188,740.5599975585938,740.6099853515625,86230
2026-05-15 19:42:00+00:00,740.4199829101562,740.7750244140625,740.4000244140625,740.760009765625,118287
2026-05-15 19:43:00+00:00,740.1901245117188,740.4500122070312,740.1500244140625,740.4249877929688,111651
2026-05-15 19:44:00+00:00,740.0399780273438,740.27001953125,739.9400024414062,740.2000122070312,203475
2026-05-15 19:45:00+00:00,740.0999755859375,740.260009765625,739.97998046875,740.030029296875,205550
2026-05-15 19:46:00+00:00,740.0675048828125,740.0900268554688,739.8099975585938,740.0900268554688,320927
2026-05-15 19:47:00+00:00,740.2899780273438,740.4299926757812,740.0,740.0599975585938,0
2026-05-15 19:48:00+00:00,740.219970703125,740.3200073242188,740.1300048828125,740.2899780273438,177779
2026-05-15 19:49:00+00:00,740.25,740.3400268554688,740.0399780273438,740.219970703125,187141
2026-05-15 19:50:00+00:00,739.5800170898438,740.25,739.5349731445312,740.25,474109
2026-05-15 19:51:00+00:00,739.89501953125,739.9000244140625,739.489990234375,739.5900268554688,558672
2026-05-15 19:52:00+00:00,739.4434814453125,739.9199829101562,739.4199829101562,739.8900146484375,351785
2026-05-15 19:53:00+00:00,739.1799926757812,739.5800170898438,739.1799926757812,739.4400024414062,403651
2026-05-15 19:54:00+00:00,738.9400024414062,739.2999877929688,738.8099975585938,739.1900024414062,469594
2026-05-15 19:55:00+00:00,738.8800048828125,739.1400146484375,738.5399780273438,738.9400024414062,789186
2026-05-15 19:56:00+00:00,738.9000244140625,739.0399780273438,738.780029296875,738.8800048828125,1273701
2026-05-15 19:57:00+00:00,739.1599731445312,739.260009765625,738.6500244140625,738.8900146484375,1190050
2026-05-15 19:58:00+00:00,738.989990234375,739.1699829101562,738.9000244140625,739.1599731445312,943892
2026-05-15 19:59:00+00:00,739.0800170898438,739.3099975585938,738.780029296875,739.0,2504053
